{
	"credit": "Made with Blockbench",
	"texture_size": [32, 32],
	"textures": {
		"0": "./SmallAC",
		"1": "./fan",
		"particle": "./SmallAC"
	},
	"elements": [
		{
			"name": "CaseOutside",
			"from": [1, 3, 3],
			"to": [15, 12, 7],
			"faces": {
				"north": {"uv": [0, 0, 7, 4.5], "texture": "#0"},
				"east": {"uv": [7, 0, 9, 4.5], "texture": "#0"},
				"south": {"uv": [9, 0, 16, 4.5], "texture": "#0"},
				"west": {"uv": [14, 4.5, 16, 9], "texture": "#0"},
				"up": {"uv": [0, 4.5, 7, 6.5], "texture": "#0"},
				"down": {"uv": [0, 4.5, 7, 6.5], "texture": "#0"}
			}
		},
		{
			"name": "CaseInside",
			"from": [15, 3, 3],
			"to": [1, 12, 7],
			"faces": {
				"north": {"uv": [0, 0, 7, 4.5], "rotation": 180, "texture": "#0"},
				"east": {"uv": [14, 4.5, 16, 9], "rotation": 180, "texture": "#0"},
				"south": {"uv": [9, 0, 16, 4.5], "rotation": 180, "texture": "#0"},
				"west": {"uv": [7, 0, 9, 4.5], "rotation": 180, "texture": "#0"},
				"up": {"uv": [0, 4.5, 7, 6.5], "rotation": 180, "texture": "#0"},
				"down": {"uv": [0, 4.5, 7, 6.5], "rotation": 180, "texture": "#0"}
			}
		},
		{
			"from": [0, 2, 2],
			"to": [16, 3, 9],
			"faces": {
				"north": {"uv": [0, 11.5, 8, 12], "texture": "#0"},
				"east": {"uv": [0.5, 8.5, 4, 9], "texture": "#0"},
				"south": {"uv": [0, 11.5, 8, 12], "texture": "#0"},
				"west": {"uv": [0.5, 8.5, 4, 9], "texture": "#0"},
				"up": {"uv": [0, 8, 8, 11.5], "texture": "#0"},
				"down": {"uv": [0, 8, 8, 11.5], "texture": "#0"}
			}
		},
		{
			"name": "fan",
			"from": [7, 4, 3.1],
			"to": [14, 11, 6.9],
			"faces": {
				"north": {"uv": [1.5, 1.5, 14.5, 14.5], "texture": "#1"},
				"south": {"uv": [1.5, 1.5, 14.5, 14.5], "texture": "#1"}
			}
		},
		{
			"from": [2, 0, 3],
			"to": [3, 2, 8],
			"faces": {
				"north": {"uv": [0, 0, 0.5, 0.5], "texture": "#0"},
				"east": {"uv": [0, 0, 0.5, 0.5], "texture": "#0"},
				"south": {"uv": [0, 0, 0.5, 0.5], "texture": "#0"},
				"west": {"uv": [0, 0, 0.5, 0.5], "texture": "#0"},
				"up": {"uv": [0, 0, 0.5, 0.5], "texture": "#0"},
				"down": {"uv": [0, 0, 0.5, 0.5], "texture": "#0"}
			}
		},
		{
			"from": [13, 0, 3],
			"to": [14, 2, 8],
			"faces": {
				"north": {"uv": [0, 0, 0.5, 0.5], "texture": "#0"},
				"east": {"uv": [0, 0, 0.5, 0.5], "texture": "#0"},
				"south": {"uv": [0, 0, 0.5, 0.5], "texture": "#0"},
				"west": {"uv": [0, 0, 0.5, 0.5], "texture": "#0"},
				"up": {"uv": [0, 0, 0.5, 0.5], "texture": "#0"},
				"down": {"uv": [0, 0, 0.5, 0.5], "texture": "#0"}
			}
		},
		{
			"from": [7.5, 0, 3],
			"to": [8.5, 2, 8],
			"faces": {
				"north": {"uv": [0, 0, 0.5, 0.5], "texture": "#0"},
				"east": {"uv": [0, 0, 0.5, 0.5], "texture": "#0"},
				"south": {"uv": [0, 0, 0.5, 0.5], "texture": "#0"},
				"west": {"uv": [0, 0, 0.5, 0.5], "texture": "#0"},
				"up": {"uv": [0, 0, 0.5, 0.5], "texture": "#0"},
				"down": {"uv": [0, 0, 0.5, 0.5], "texture": "#0"}
			}
		}
	],
	"display": {
		"thirdperson_righthand": {
			"translation": [0, 2, 0]
		},
		"thirdperson_lefthand": {
			"translation": [0, 2.75, 0]
		},
		"ground": {
			"translation": [0, 4.5, 0]
		},
		"head": {
			"translation": [0, -0.75, -1.75]
		},
		"fixed": {
			"rotation": [-90, 0, 0],
			"translation": [0, 0, -14],
			"scale": [2, 2, 2]
		}
	}
}