{
	"credit": "Made with Blockbench",
	"textures": {
		"0": "./FlowerBlade",
		"particle": "./FlowerBlade"
	},
	"elements": [
		{
			"from": [8, 0, 6],
			"to": [8, 20, 9],
			"rotation": {"angle": 0, "axis": "y", "origin": [8, 10, 7.5]},
			"faces": {
				"north": {"uv": [1, 0, 4, 16], "texture": "#0"},
				"east": {"uv": [1, 0, 4, 16], "texture": "#0"},
				"south": {"uv": [0, 0, 0, 16], "texture": "#missing"},
				"west": {"uv": [1, 0, 4, 16], "texture": "#0"},
				"up": {"uv": [0, 0, 0, 4], "texture": "#missing"},
				"down": {"uv": [0, 0, 0, 4], "texture": "#missing"}
			}
		},
		{
			"from": [6.5, 0, 7.5],
			"to": [9.5, 20, 7.5],
			"rotation": {"angle": 0, "axis": "y", "origin": [8, 10, 7.5]},
			"faces": {
				"north": {"uv": [5, 0, 8, 16], "texture": "#0"},
				"east": {"uv": [0, 0, 0, 16], "texture": "#missing"},
				"south": {"uv": [5, 0, 8, 16], "texture": "#0"},
				"west": {"uv": [5, 0, 8, 16], "texture": "#0"},
				"up": {"uv": [0, 0, 0, 4], "rotation": 270, "texture": "#missing"},
				"down": {"uv": [0, 0, 0, 4], "rotation": 90, "texture": "#missing"}
			}
		},
		{
			"from": [6.5, 16, 6],
			"to": [9.5, 19, 9],
			"rotation": {"angle": 0, "axis": "y", "origin": [8, 17.5, 7.5]},
			"faces": {
				"north": {"uv": [9, 1, 12, 3], "texture": "#0"},
				"east": {"uv": [9, 1, 12, 3], "texture": "#0"},
				"south": {"uv": [9, 1, 12, 3], "texture": "#0"},
				"west": {"uv": [9, 1, 12, 3], "texture": "#0"},
				"down": {"uv": [9, 14, 12, 16], "texture": "#0"}
			}
		},
		{
			"from": [9.5, 16, 6],
			"to": [6.5, 19, 9],
			"rotation": {"angle": 0, "axis": "y", "origin": [8, 17.5, 7.5]},
			"faces": {
				"north": {"uv": [9, 1, 12, 3], "texture": "#0"},
				"east": {"uv": [9, 1, 12, 3], "texture": "#0"},
				"south": {"uv": [9, 1, 12, 3], "texture": "#0"},
				"west": {"uv": [9, 1, 12, 3], "texture": "#0"},
				"down": {"uv": [9, 14, 12, 16], "texture": "#0"}
			}
		}
	],
	"display": {
		"thirdperson_righthand": {
			"translation": [0, 2.75, 0]
		},
		"thirdperson_lefthand": {
			"translation": [0, 2.75, 0]
		},
		"firstperson_righthand": {
			"translation": [2, 0, 0]
		},
		"firstperson_lefthand": {
			"translation": [2, 0, 0]
		},
		"ground": {
			"translation": [0, 5.5, 0]
		},
		"gui": {
			"rotation": [0, 23, -45],
			"translation": [-1, -1.5, 0]
		},
		"head": {
			"translation": [0, 13.25, 0]
		},
		"fixed": {
			"rotation": [0, 0, 45],
			"translation": [1, -1, -0.25],
			"scale": [1, 1, 0]
		}
	}
}