{
	"credit": "Made with Blockbench",
	"textures": {
		"0": "./geta",
		"particle": "./geta"
	},
	"elements": [
		{
			"from": [2, 2, 9],
			"to": [8, 3, 6],
			"rotation": {"angle": 22.5, "axis": "y", "origin": [0, 0, 0]},
			"faces": {
				"north": {"uv": [10, 0, 11, 6], "rotation": 90, "texture": "#0"},
				"east": {"uv": [7, 5, 10, 6], "texture": "#0"},
				"south": {"uv": [6, 0, 7, 6], "rotation": 90, "texture": "#0"},
				"up": {"uv": [7, 0, 10, 6], "rotation": 270, "texture": "#0"}
			}
		},
		{
			"from": [6, 0, 6],
			"to": [7, 1, 9],
			"rotation": {"angle": 22.5, "axis": "y", "origin": [0, 0, 0]},
			"faces": {
				"north": {"uv": [3, 0, 4, 6], "rotation": 90, "texture": "#0"},
				"east": {"uv": [0, 6, 3, 7], "texture": "#0"},
				"south": {"uv": [3, 0, 4, 6], "rotation": 90, "texture": "#0"},
				"west": {"uv": [0, 6, 3, 7], "texture": "#0"},
				"up": {"uv": [0, 0, 3, 6], "rotation": 90, "texture": "#0"},
				"down": {"uv": [0, 0, 3, 6], "rotation": 90, "texture": "#0"}
			}
		},
		{
			"from": [3, 0, 6],
			"to": [4, 1, 9],
			"rotation": {"angle": 22.5, "axis": "y", "origin": [0, 0, 0]},
			"faces": {
				"north": {"uv": [3, 0, 4, 6], "rotation": 90, "texture": "#0"},
				"east": {"uv": [0, 6, 3, 7], "texture": "#0"},
				"south": {"uv": [3, 0, 4, 6], "rotation": 90, "texture": "#0"},
				"west": {"uv": [0, 6, 3, 7], "texture": "#0"},
				"up": {"uv": [0, 0, 3, 6], "rotation": 90, "texture": "#0"},
				"down": {"uv": [0, 0, 3, 6], "rotation": 90, "texture": "#0"}
			}
		},
		{
			"from": [2, 1, 6],
			"to": [8, 2, 9],
			"rotation": {"angle": 22.5, "axis": "y", "origin": [0, 0, 0]},
			"faces": {
				"north": {"uv": [3, 0, 4, 6], "rotation": 90, "texture": "#0"},
				"east": {"uv": [0, 6, 3, 7], "texture": "#0"},
				"south": {"uv": [3, 0, 4, 6], "rotation": 90, "texture": "#0"},
				"west": {"uv": [0, 6, 3, 7], "texture": "#0"},
				"up": {"uv": [0, 0, 3, 6], "rotation": 90, "texture": "#0"},
				"down": {"uv": [0, 0, 3, 6], "rotation": 90, "texture": "#0"}
			}
		},
		{
			"from": [2, 2, 6],
			"to": [8, 3, 9],
			"rotation": {"angle": 22.5, "axis": "y", "origin": [0, 0, 0]},
			"faces": {
				"north": {"uv": [10, 0, 11, 6], "rotation": 90, "texture": "#0"},
				"east": {"uv": [7, 5, 10, 6], "texture": "#0"},
				"south": {"uv": [6, 0, 7, 6], "rotation": 90, "texture": "#0"},
				"up": {"uv": [7, 0, 10, 6], "rotation": 270, "texture": "#0"}
			}
		},
		{
			"from": [3, 2, 12],
			"to": [9, 3, 9],
			"faces": {
				"north": {"uv": [10, 0, 11, 6], "rotation": 90, "texture": "#0"},
				"east": {"uv": [7, 5, 10, 6], "texture": "#0"},
				"south": {"uv": [6, 0, 7, 6], "rotation": 90, "texture": "#0"},
				"up": {"uv": [7, 0, 10, 6], "rotation": 270, "texture": "#0"}
			}
		},
		{
			"from": [7, 0, 9],
			"to": [8, 1, 12],
			"faces": {
				"north": {"uv": [3, 0, 4, 6], "rotation": 90, "texture": "#0"},
				"east": {"uv": [0, 6, 3, 7], "texture": "#0"},
				"south": {"uv": [3, 0, 4, 6], "rotation": 90, "texture": "#0"},
				"west": {"uv": [0, 6, 3, 7], "texture": "#0"},
				"up": {"uv": [0, 0, 3, 6], "rotation": 90, "texture": "#0"},
				"down": {"uv": [0, 0, 3, 6], "rotation": 90, "texture": "#0"}
			}
		},
		{
			"from": [4, 0, 9],
			"to": [5, 1, 12],
			"faces": {
				"north": {"uv": [3, 0, 4, 6], "rotation": 90, "texture": "#0"},
				"east": {"uv": [0, 6, 3, 7], "texture": "#0"},
				"south": {"uv": [3, 0, 4, 6], "rotation": 90, "texture": "#0"},
				"west": {"uv": [0, 6, 3, 7], "texture": "#0"},
				"up": {"uv": [0, 0, 3, 6], "rotation": 90, "texture": "#0"},
				"down": {"uv": [0, 0, 3, 6], "rotation": 90, "texture": "#0"}
			}
		},
		{
			"from": [3, 1, 9],
			"to": [9, 2, 12],
			"faces": {
				"north": {"uv": [3, 0, 4, 6], "rotation": 90, "texture": "#0"},
				"east": {"uv": [0, 6, 3, 7], "texture": "#0"},
				"south": {"uv": [3, 0, 4, 6], "rotation": 90, "texture": "#0"},
				"west": {"uv": [0, 6, 3, 7], "texture": "#0"},
				"up": {"uv": [0, 0, 3, 6], "rotation": 90, "texture": "#0"},
				"down": {"uv": [0, 0, 3, 6], "rotation": 90, "texture": "#0"}
			}
		},
		{
			"from": [3, 2, 9],
			"to": [9, 3, 12],
			"faces": {
				"north": {"uv": [10, 0, 11, 6], "rotation": 90, "texture": "#0"},
				"east": {"uv": [7, 5, 10, 6], "texture": "#0"},
				"south": {"uv": [6, 0, 7, 6], "rotation": 90, "texture": "#0"},
				"up": {"uv": [7, 0, 10, 6], "rotation": 270, "texture": "#0"}
			}
		}
	],
	"display": {
		"thirdperson_righthand": {
			"translation": [0, 7.25, 0]
		},
		"thirdperson_lefthand": {
			"translation": [0, 7.25, 0]
		},
		"firstperson_righthand": {
			"translation": [0, 7.5, 2.75]
		},
		"firstperson_lefthand": {
			"translation": [0, 7.75, 3]
		},
		"ground": {
			"translation": [0, 5.25, 0]
		},
		"gui": {
			"rotation": [25, -148, -17],
			"translation": [-4, 7.75, 0],
			"scale": [1.6, 1.6, 1.6]
		},
		"head": {
			"translation": [0, 14.25, 0]
		},
		"fixed": {
			"rotation": [-90, 0, 0],
			"translation": [0, 0, -16],
			"scale": [2, 2, 2]
		}
	},
	"groups": [
		{
			"name": "group",
			"origin": [0, 0, 0],
			"children": [0, 1, 2, 3, 4]
		},
		{
			"name": "group",
			"origin": [0, 0, 0],
			"children": [5, 6, 7, 8, 9]
		}
	]
}