{
	"credit": "Made with Blockbench",
	"textures": {
		"0": "./hamburger",
		"particle": "./hamburger"
	},
	"elements": [
		{
			"from": [5, 3, 5],
			"to": [10, 5, 10],
			"faces": {
				"north": {"uv": [0, 5, 5, 7], "texture": "#0"},
				"east": {"uv": [0, 5, 5, 7], "texture": "#0"},
				"south": {"uv": [0, 5, 5, 7], "texture": "#0"},
				"west": {"uv": [0, 5, 5, 7], "texture": "#0"},
				"up": {"uv": [0, 0, 5, 5], "texture": "#0"},
				"down": {"uv": [5, 0, 10, 5], "texture": "#0"}
			}
		},
		{
			"from": [5, 0, 5],
			"to": [10, 1, 10],
			"faces": {
				"north": {"uv": [0, 6, 5, 7], "texture": "#0"},
				"east": {"uv": [0, 6, 5, 7], "texture": "#0"},
				"south": {"uv": [0, 6, 5, 7], "texture": "#0"},
				"west": {"uv": [0, 6, 5, 7], "texture": "#0"},
				"up": {"uv": [5, 0, 10, 5], "texture": "#0"},
				"down": {"uv": [0, 7, 5, 12], "texture": "#0"}
			}
		},
		{
			"from": [5.25, 1, 5.25],
			"to": [9.75, 3, 9.75],
			"faces": {
				"north": {"uv": [5, 5, 10, 9], "texture": "#0"},
				"east": {"uv": [5, 5, 10, 9], "texture": "#0"},
				"south": {"uv": [5, 5, 10, 9], "texture": "#0"},
				"west": {"uv": [5, 5, 10, 9], "texture": "#0"},
				"up": {"uv": [5, 0, 10, 5], "texture": "#0"},
				"down": {"uv": [0, 7, 5, 12], "texture": "#0"}
			}
		}
	],
	"display": {
		"thirdperson_righthand": {
			"translation": [0.5, 3.5, 0]
		},
		"thirdperson_lefthand": {
			"translation": [-0.5, 3.5, 0]
		},
		"firstperson_righthand": {
			"translation": [0.75, 7.25, 0]
		},
		"firstperson_lefthand": {
			"translation": [0, 7.25, 0]
		},
		"ground": {
			"translation": [0, 4.5, 0]
		},
		"gui": {
			"rotation": [16, 131, 0],
			"translation": [0.2, 11, 0],
			"scale": [2, 2, 2]
		},
		"head": {
			"translation": [1.5, 24.75, 1.5],
			"scale": [2.7, 4, 2.7]
		},
		"fixed": {
			"rotation": [-90, 0, 0],
			"translation": [1.5, 1.5, -24],
			"scale": [3, 3, 3]
		}
	}
}