{
	"credit": "Made with Blockbench",
	"textures": {
		"0": "block/barrel_side",
		"1": "block/barrel_bottom",
		"3": "./ale_fluid",
		"particle": "block/barrel_side"
	},
	"elements": [
		{
			"from": [3, 0, 3],
			"to": [13, 2, 13],
			"faces": {
				"north": {"uv": [3, 7, 13, 9], "texture": "#0"},
				"east": {"uv": [3, 7, 13, 9], "texture": "#0"},
				"south": {"uv": [3, 6, 13, 8], "texture": "#0"},
				"west": {"uv": [3, 7, 13, 9], "texture": "#0"},
				"up": {"uv": [3, 3, 13, 13], "texture": "#1"},
				"down": {"uv": [3, 3, 13, 13], "texture": "#1"}
			}
		},
		{
			"from": [3, 9, 3],
			"to": [13, 11, 13],
			"faces": {
				"north": {"uv": [3, 7, 13, 9], "texture": "#0"},
				"east": {"uv": [3, 7, 13, 9], "texture": "#0"},
				"south": {"uv": [3, 6, 13, 8], "texture": "#0"},
				"west": {"uv": [3, 7, 13, 9], "texture": "#0"},
				"up": {"uv": [3, 3, 13, 13], "texture": "#3"},
				"down": {"uv": [3, 3, 13, 13], "texture": "#1"}
			}
		},
		{
			"from": [3, 2, 2],
			"to": [13, 14, 3],
			"faces": {
				"north": {"uv": [3, 2, 13, 14], "texture": "#0"},
				"east": {"uv": [0, 2, 1, 14], "texture": "#0"},
				"south": {"uv": [2, 2, 13, 14], "rotation": 90, "texture": "#1"},
				"west": {"uv": [15, 2, 16, 14], "texture": "#0"},
				"up": {"uv": [0, 0, 10, 1], "texture": "#1"},
				"down": {"uv": [0, 0, 16, 16], "texture": "#1"}
			}
		},
		{
			"from": [13, 2, 3],
			"to": [14, 14, 13],
			"rotation": {"angle": 0, "axis": "y", "origin": [8, 1, 8]},
			"faces": {
				"north": {"uv": [15, 2, 16, 14], "texture": "#0"},
				"east": {"uv": [3, 2, 13, 14], "texture": "#0"},
				"south": {"uv": [0, 2, 1, 14], "texture": "#0"},
				"west": {"uv": [2, 2, 13, 14], "rotation": 90, "texture": "#1"},
				"up": {"uv": [0, 0, 10, 1], "rotation": 90, "texture": "#1"},
				"down": {"uv": [0, 0, 16, 16], "rotation": 270, "texture": "#1"}
			}
		},
		{
			"from": [3, 2, 13],
			"to": [13, 14, 14],
			"rotation": {"angle": 0, "axis": "y", "origin": [8, 1, 8]},
			"faces": {
				"north": {"uv": [2, 2, 13, 14], "rotation": 90, "texture": "#1"},
				"east": {"uv": [15, 2, 16, 14], "texture": "#0"},
				"south": {"uv": [3, 2, 13, 14], "texture": "#0"},
				"west": {"uv": [0, 2, 1, 14], "texture": "#0"},
				"up": {"uv": [0, 0, 10, 1], "rotation": 180, "texture": "#1"},
				"down": {"uv": [0, 0, 16, 16], "rotation": 180, "texture": "#1"}
			}
		},
		{
			"from": [2, 2, 3],
			"to": [3, 14, 13],
			"faces": {
				"north": {"uv": [0, 2, 1, 14], "texture": "#0"},
				"east": {"uv": [2, 2, 13, 14], "rotation": 90, "texture": "#1"},
				"south": {"uv": [15, 2, 16, 14], "texture": "#0"},
				"west": {"uv": [3, 2, 13, 14], "texture": "#0"},
				"up": {"uv": [0, 0, 10, 1], "rotation": 270, "texture": "#1"},
				"down": {"uv": [0, 0, 16, 16], "rotation": 90, "texture": "#1"}
			}
		}
	],
	"display": {
		"ground": {
			"translation": [0, 4.25, 0]
		},
		"gui": {
			"rotation": [23, 35, 0],
			"translation": [0, 0.25, 0],
			"scale": [0.8, 0.8, 0.8]
		},
		"head": {
			"translation": [0, 3.5, 0],
			"scale": [1.5, 1.5, 1.5]
		},
		"fixed": {
			"rotation": [-90, 0, 0],
			"translation": [0, 0, -16],
			"scale": [2, 2, 2]
		}
	}
}