{
	"credit": "Made with Blockbench",
	"texture_size": [32, 16],
	"textures": {
		"0": "./sink",
		"particle": "./sink"
	},
	"elements": [
		{
			"from": [0, 0, 0],
			"to": [16, 1, 1],
			"faces": {
				"north": {"uv": [0, 4, 8, 5], "texture": "#0"},
				"east": {"uv": [7.5, 4, 8, 5], "texture": "#0"},
				"south": {"uv": [0, 4, 8, 5], "texture": "#0"},
				"west": {"uv": [0, 4, 0.5, 5], "texture": "#0"},
				"up": {"uv": [0, 3, 8, 4], "texture": "#0"}
			}
		},
		{
			"from": [0, 0, 12],
			"to": [16, 1, 16],
			"faces": {
				"north": {"uv": [0, 4, 8, 5], "texture": "#0"},
				"east": {"uv": [0, 4, 2, 5], "texture": "#0"},
				"south": {"uv": [0, 4, 8, 5], "texture": "#0"},
				"west": {"uv": [6, 4, 8, 5], "texture": "#0"},
				"up": {"uv": [0, 0, 8, 4], "rotation": 180, "texture": "#0"}
			}
		},
		{
			"from": [0, 0, 1],
			"to": [1, 1, 12],
			"faces": {
				"north": {"uv": [0, 0, 0.5, 1], "texture": "#0"},
				"east": {"uv": [0, 4, 5.5, 5], "texture": "#0"},
				"south": {"uv": [0, 0, 0.5, 1], "texture": "#0"},
				"west": {"uv": [0.5, 4, 6, 5], "texture": "#0"},
				"up": {"uv": [0, 3, 5.5, 4], "rotation": 90, "texture": "#0"}
			}
		},
		{
			"from": [15, 0, 1],
			"to": [16, 1, 12],
			"faces": {
				"north": {"uv": [0, 0, 0.5, 1], "texture": "#0"},
				"east": {"uv": [2, 4, 7.5, 5], "texture": "#0"},
				"south": {"uv": [0, 0, 0.5, 1], "texture": "#0"},
				"west": {"uv": [0, 4, 5.5, 5], "texture": "#0"},
				"up": {"uv": [0, 3, 5.5, 4], "rotation": 90, "texture": "#0"}
			}
		},
		{
			"from": [1, 0, 1],
			"to": [15, 0, 12],
			"faces": {
				"north": {"uv": [0, 0, 7, 0], "texture": "#0"},
				"east": {"uv": [0, 0, 5.5, 0], "texture": "#0"},
				"south": {"uv": [0, 0, 7, 0], "texture": "#0"},
				"west": {"uv": [0, 0, 5.5, 0], "texture": "#0"},
				"up": {"uv": [0, 5, 7, 16], "texture": "#0"}
			}
		},
		{
			"from": [7.5, 1, 14],
			"to": [8.5, 7, 15],
			"faces": {
				"north": {"uv": [12, 3, 13, 8], "texture": "#0"},
				"east": {"uv": [11, 3, 12, 8], "texture": "#0"},
				"south": {"uv": [12, 3, 13, 8], "texture": "#0"},
				"west": {"uv": [11, 3, 12, 8], "texture": "#0"},
				"up": {"uv": [12, 3, 13, 5], "texture": "#0"}
			}
		},
		{
			"from": [7.5, 6, 10],
			"to": [8.5, 7, 11],
			"faces": {
				"north": {"uv": [12, 3, 13, 8], "texture": "#0"},
				"east": {"uv": [11, 3, 12, 8], "texture": "#0"},
				"south": {"uv": [12, 3, 13, 8], "texture": "#0"},
				"west": {"uv": [11, 3, 12, 8], "texture": "#0"},
				"up": {"uv": [12, 3, 13, 5], "texture": "#0"},
				"down": {"uv": [14, 4, 15, 6], "texture": "#0"}
			}
		},
		{
			"from": [3, 1, 13.5],
			"to": [5, 3, 15.5],
			"faces": {
				"north": {"uv": [9, 7, 10, 9], "texture": "#0"},
				"east": {"uv": [9, 7, 10, 9], "texture": "#0"},
				"south": {"uv": [9, 7, 10, 9], "texture": "#0"},
				"west": {"uv": [9, 7, 10, 9], "texture": "#0"},
				"up": {"uv": [9, 5, 10, 7], "texture": "#0"}
			}
		},
		{
			"from": [11, 1, 13.5],
			"to": [13, 3, 15.5],
			"faces": {
				"north": {"uv": [9, 7, 10, 9], "texture": "#0"},
				"east": {"uv": [9, 7, 10, 9], "texture": "#0"},
				"south": {"uv": [9, 7, 10, 9], "texture": "#0"},
				"west": {"uv": [9, 7, 10, 9], "texture": "#0"},
				"up": {"uv": [9, 9, 10, 11], "texture": "#0"}
			}
		},
		{
			"from": [7.5, 7, 11],
			"to": [8.5, 8, 14],
			"faces": {
				"north": {"uv": [12, 3, 13, 8], "texture": "#0"},
				"east": {"uv": [11, 3, 12, 8], "texture": "#0"},
				"south": {"uv": [12, 3, 13, 8], "texture": "#0"},
				"west": {"uv": [11, 3, 12, 8], "texture": "#0"},
				"up": {"uv": [12, 3, 13, 5], "texture": "#0"},
				"down": {"uv": [11, 5, 12, 7], "texture": "#0"}
			}
		}
	],
	"display": {
		"thirdperson_righthand": {
			"translation": [0, 8.75, 0]
		},
		"thirdperson_lefthand": {
			"translation": [0, 8.5, 0]
		},
		"firstperson_righthand": {
			"translation": [0, 7.25, 0]
		},
		"firstperson_lefthand": {
			"translation": [0, 7, 0]
		},
		"ground": {
			"translation": [0, 6, 0]
		},
		"head": {
			"translation": [0, 10.5, 0],
			"scale": [0.5, 0.5, 0.5]
		},
		"fixed": {
			"rotation": [-90, 0, 0],
			"translation": [0, 0, -16.2],
			"scale": [2, 2, 2]
		}
	}
}