{
	"credit": "Made with Blockbench",
	"textures": {
		"0": "./coffeecup",
		"particle": "./coffeecup"
	},
	"elements": [
		{
			"from": [6, 0, 6],
			"to": [11, 6, 11],
			"faces": {
				"north": {"uv": [0, 7, 5, 13], "texture": "#0"},
				"east": {"uv": [5, 0, 10, 6], "texture": "#0"},
				"south": {"uv": [0, 0, 5, 6], "texture": "#0"},
				"west": {"uv": [5, 7, 10, 13], "texture": "#0"},
				"up": {"uv": [10, 0, 15, 5], "texture": "#0"},
				"down": {"uv": [0, 0, 5, 5], "texture": "#0"}
			}
		},
		{
			"from": [6.1, 0.8, 6.1],
			"to": [10.9, 5.8, 10.9],
			"faces": {
				"north": {"uv": [0, 7, 5, 13], "texture": "#0"},
				"east": {"uv": [5, 7, 10, 13], "texture": "#0"},
				"south": {"uv": [0, 0, 5, 6], "texture": "#0"},
				"west": {"uv": [5, 0, 10, 6], "texture": "#0"},
				"up": {"uv": [10, 10, 15, 15], "texture": "#0"},
				"down": {"uv": [0, 0, 5, 5], "texture": "#0"}
			}
		},
		{
			"from": [8, 1, 11],
			"to": [9, 5, 13],
			"faces": {
				"north": {"uv": [0, 0, 1, 4], "texture": "#0"},
				"east": {"uv": [1, 14, 6, 16], "rotation": 90, "texture": "#0"},
				"south": {"uv": [1, 13, 6, 14], "rotation": 90, "texture": "#0"},
				"west": {"uv": [1, 14, 6, 16], "rotation": 270, "texture": "#0"},
				"up": {"uv": [6, 14, 7, 16], "texture": "#0"},
				"down": {"uv": [6, 14, 7, 16], "texture": "#0"}
			}
		}
	],
	"display": {
		"thirdperson_righthand": {
			"rotation": [68, 36, 0],
			"translation": [-3, 4.5, 4]
		},
		"thirdperson_lefthand": {
			"rotation": [68, 36, 0],
			"translation": [-2.25, 4.5, 4.5]
		},
		"firstperson_righthand": {
			"translation": [0, 6.5, 0]
		},
		"firstperson_lefthand": {
			"translation": [0.75, 7.5, 0]
		},
		"ground": {
			"translation": [0, 5, 0]
		},
		"gui": {
			"rotation": [4, 59, 9],
			"translation": [-2.75, 8.5, 0],
			"scale": [1.8, 1.8, 1.8]
		},
		"head": {
			"rotation": [29, 90, 0],
			"translation": [-0.25, -1.75, -6.5],
			"scale": [1.5, 1.5, 1.5]
		},
		"fixed": {
			"rotation": [-90, 0, 0],
			"translation": [0, -1.25, -16],
			"scale": [2, 2, 2]
		}
	}
}