{
	"credit": "Made with Blockbench",
	"texture_size": [64, 24],
	"textures": {
		"0": "./computer",
		"particle": "./computer"
	},
	"elements": [
		{
			"from": [1, 0, 1],
			"to": [15, 1, 15],
			"faces": {
				"north": {"uv": [0, 4.66667, 3.5, 5.33333], "texture": "#0"},
				"east": {"uv": [0, 3.33333, 3.5, 4], "texture": "#0"},
				"south": {"uv": [0, 4, 3.5, 4.66667], "texture": "#0"},
				"west": {"uv": [0, 3.33333, 3.5, 4], "texture": "#0"},
				"up": {"uv": [3.5, 0, 3.75, 0.66667], "texture": "#0"},
				"down": {"uv": [0, 3.33333, 3.5, 4.66667], "texture": "#0"}
			}
		},
		{
			"from": [2, 1, 6],
			"to": [14, 4, 14],
			"faces": {
				"north": {"uv": [5.75, 4.66667, 6, 6.66667], "texture": "#0"},
				"east": {"uv": [4, 4.66667, 6, 6.66667], "texture": "#0"},
				"south": {"uv": [3.5, 2.66667, 6.5, 4.66667], "texture": "#0"},
				"west": {"uv": [8, 0, 6, 2], "texture": "#0"},
				"up": {"uv": [0, 0, 3, 5.33333], "texture": "#0"},
				"down": {"uv": [0, 0, 3, 5.33333], "texture": "#0"}
			}
		},
		{
			"from": [0, 4, 5],
			"to": [16, 17, 16],
			"faces": {
				"north": {"uv": [0, 6, 4, 14.66667], "texture": "#0"},
				"east": {"uv": [3.5, 0, 3.75, 2.66667], "texture": "#0"},
				"south": {"uv": [4, 0, 4.25, 2.66667], "texture": "#0"},
				"west": {"uv": [3.5, 0, 3.75, 2.66667], "texture": "#0"},
				"up": {"uv": [3.5, 0, 3.75, 2.66667], "texture": "#0"},
				"down": {"uv": [3.5, 0, 6, 2.66667], "texture": "#0"}
			}
		},
		{
			"from": [1, 5, 5.3],
			"to": [15, 16, 14.3],
			"faces": {
				"north": {"uv": [8.75, 0, 16, 16], "texture": "#0"},
				"east": {"uv": [3.5, 0, 3.75, 2.66667], "texture": "#0"},
				"south": {"uv": [4, 0, 4.25, 2.66667], "texture": "#0"},
				"west": {"uv": [3.5, 0, 3.75, 2.66667], "texture": "#0"},
				"up": {"uv": [3.5, 0, 3.75, 2.66667], "texture": "#0"},
				"down": {"uv": [3.5, 0, 6, 2.66667], "texture": "#0"}
			}
		},
		{
			"from": [1.01, -1.45, 1.3],
			"to": [14.99, 0.55, 6.3],
			"rotation": {"angle": -22.5, "axis": "x", "origin": [0, 0, 0]},
			"faces": {
				"north": {"uv": [0, 3.33333, 3.5, 4.66667], "texture": "#0"},
				"east": {"uv": [0, 2.66667, 3.5, 4.66667], "texture": "#0"},
				"south": {"uv": [0, 2.66667, 3.5, 4.66667], "texture": "#0"},
				"west": {"uv": [0, 2.66667, 3.5, 4.66667], "texture": "#0"},
				"up": {"uv": [0, 0, 3.5, 3.33333], "rotation": 180, "texture": "#0"},
				"down": {"uv": [0, 4, 3.5, 4.66667], "texture": "#0"}
			}
		}
	],
	"display": {
		"firstperson_righthand": {
			"translation": [6, 0, 0]
		},
		"firstperson_lefthand": {
			"translation": [14.5, 0, 0]
		},
		"ground": {
			"translation": [0, 4.5, 0]
		},
		"gui": {
			"rotation": [22, -165, 0],
			"translation": [0, -0.25, 0],
			"scale": [0.6, 0.6, 0.6]
		},
		"head": {
			"translation": [0, -2.5, -4.5]
		},
		"fixed": {
			"rotation": [-90, 0, 0],
			"translation": [0, 0, -15.75],
			"scale": [2, 2, 2]
		}
	}
}