{
	"credit": "Made with Blockbench",
	"textures": {
		"0": "./cyberpunk/screen2",
		"particle": "./cyberpunk/screen2"
	},
	"elements": [
		{
			"from": [0, 0, 0],
			"to": [16, 1, 16],
			"faces": {
				"north": {"uv": [0, 0, 16, 1], "rotation": 180, "texture": "#0"},
				"east": {"uv": [15, 0, 16, 16], "rotation": 90, "texture": "#0"},
				"south": {"uv": [0, 15, 16, 16], "texture": "#0"},
				"west": {"uv": [0, 0, 1, 16], "rotation": 270, "texture": "#0"},
				"up": {"uv": [0, 0, 16, 16], "texture": "#0"}
			}
		}
	],
	"display": {
		"thirdperson_righthand": {
			"translation": [0, 7, 0]
		},
		"thirdperson_lefthand": {
			"translation": [0, 7.25, 0]
		},
		"firstperson_righthand": {
			"translation": [0, 5, 0]
		},
		"firstperson_lefthand": {
			"translation": [0, 4.75, 0]
		},
		"ground": {
			"translation": [0, 5.5, 0]
		},
		"head": {
			"rotation": [-90, -180, 0],
			"translation": [0, 0, -24.25],
			"scale": [0.82, 2.42, 0.82]
		},
		"fixed": {
			"rotation": [-90, -180, 0],
			"translation": [0, 0, -14.25],
			"scale": [2.01, 2, 2.01]
		}
	}
}