{
	"credit": "Made with Blockbench",
	"textures": {
		"0": "block/white_concrete",
		"1": "block/light_gray_concrete",
		"particle": "block/white_concrete"
	},
	"elements": [
		{
			"from": [3, 0, 5],
			"to": [13, 8, 16],
			"faces": {
				"north": {"uv": [0, 0, 10, 8], "texture": "#0"},
				"east": {"uv": [0, 0, 11, 8], "texture": "#0"},
				"south": {"uv": [0, 0, 10, 8], "texture": "#1"},
				"west": {"uv": [0, 0, 11, 8], "texture": "#0"},
				"up": {"uv": [0, 0, 10, 11], "texture": "#0"},
				"down": {"uv": [0, 0, 10, 11], "texture": "#1"}
			}
		},
		{
			"from": [4, 8.01, 13.8],
			"to": [7, 9.51, 15.8],
			"faces": {
				"north": {"uv": [0, 0, 3, 1.5], "texture": "#0"},
				"east": {"uv": [0, 0, 2, 1.5], "texture": "#1"},
				"south": {"uv": [0, 0, 3, 1.5], "texture": "#1"},
				"west": {"uv": [0, 0, 2, 1.5], "texture": "#1"},
				"up": {"uv": [0, 0, 3, 2], "texture": "#1"},
				"down": {"uv": [0, 0, 3, 2], "texture": "#1"}
			}
		},
		{
			"from": [9, 8.01, 13.8],
			"to": [12, 9.51, 15.8],
			"faces": {
				"north": {"uv": [0, 0, 3, 1.5], "texture": "#0"},
				"east": {"uv": [0, 0, 2, 1.5], "texture": "#1"},
				"south": {"uv": [0, 0, 3, 1.5], "texture": "#1"},
				"west": {"uv": [0, 0, 2, 1.5], "texture": "#1"},
				"up": {"uv": [0, 0, 3, 2], "texture": "#1"},
				"down": {"uv": [0, 0, 3, 2], "texture": "#1"}
			}
		},
		{
			"from": [2.6, 8, 4.6],
			"to": [13.4, 9, 15],
			"rotation": {"angle": 0, "axis": "x", "origin": [10, 8, 16]},
			"faces": {
				"north": {"uv": [0, 0, 10.8, 1], "texture": "#0"},
				"east": {"uv": [0, 0, 10.4, 1], "texture": "#0"},
				"south": {"uv": [0, 0, 10.8, 1], "texture": "#0"},
				"west": {"uv": [0, 0, 10.4, 1], "texture": "#0"},
				"up": {"uv": [0, 0, 10.8, 10.4], "texture": "#0"},
				"down": {"uv": [0, 0, 10.8, 10.4], "texture": "#0"}
			}
		},
		{
			"from": [3, 9, 5],
			"to": [13, 10, 14.6],
			"rotation": {"angle": 0, "axis": "x", "origin": [10, 8, 16]},
			"faces": {
				"north": {"uv": [0, 0, 10, 1], "texture": "#0"},
				"east": {"uv": [0, 0, 9.6, 1], "texture": "#0"},
				"south": {"uv": [0, 0, 10, 1], "texture": "#0"},
				"west": {"uv": [0, 0, 9.6, 1], "texture": "#0"},
				"up": {"uv": [0, 0, 10, 9.6], "texture": "#0"},
				"down": {"uv": [0, 0, 10, 9.6], "texture": "#missing"}
			}
		}
	],
	"display": {
		"thirdperson_righthand": {
			"translation": [0, 0, -6.5]
		},
		"thirdperson_lefthand": {
			"translation": [0, 0, -5.75]
		},
		"firstperson_righthand": {
			"translation": [0, -0.25, 0]
		},
		"firstperson_lefthand": {
			"translation": [0, -0.25, 0]
		},
		"ground": {
			"translation": [0, 6.5, -2.25]
		},
		"gui": {
			"rotation": [37, 148, 0],
			"translation": [-0.75, 0.5, 0],
			"scale": [0.8, 0.8, 0.8]
		},
		"head": {
			"translation": [0, 6.25, -2.5]
		},
		"fixed": {
			"rotation": [-90, 0, 0],
			"translation": [0, 0, -16],
			"scale": [2, 2, 2]
		}
	}
}