{
	"credit": "Made with Blockbench",
	"parent": "block/thin_block",
	"textures": {
		"0": "block/oak_trapdoor",
		"1": "block/oak_trapdoor_0",
		"particle": "block/oak_trapdoor"
	},
	"elements": [
		{
			"name": "Top",
			"from": [2, 14, 13],
			"to": [14, 16, 16],
			"rotation": {"angle": 0, "axis": "y", "origin": [8, 8, 21]},
			"faces": {
				"north": {"uv": [2, 0, 14, 2], "texture": "#0"},
				"south": {"uv": [2, 0, 14, 2], "texture": "#0", "cullface": "south"},
				"up": {"uv": [2, 0, 14, 3], "texture": "#1", "cullface": "north"},
				"down": {"uv": [3, 0, 13, 3], "texture": "#1"}
			}
		},
		{
			"name": "Bottom",
			"from": [2, 0, 13],
			"to": [14, 2, 16],
			"rotation": {"angle": 0, "axis": "y", "origin": [8, 8, 21]},
			"faces": {
				"north": {"uv": [2, 14, 14, 16], "texture": "#0"},
				"south": {"uv": [2, 14, 14, 16], "texture": "#0", "cullface": "south"},
				"up": {"uv": [2, 0, 14, 3], "rotation": 180, "texture": "#1"},
				"down": {"uv": [2, 0, 14, 3], "texture": "#1", "cullface": "south"}
			}
		},
		{
			"name": "Left",
			"from": [0, 0, 13],
			"to": [2, 16, 16],
			"rotation": {"angle": 0, "axis": "y", "origin": [8, 8, 21]},
			"faces": {
				"north": {"uv": [14, 0, 16, 16], "texture": "#0"},
				"east": {"uv": [0, 0, 16, 3], "rotation": 270, "texture": "#1"},
				"south": {"uv": [0, 0, 2, 16], "texture": "#0", "cullface": "south"},
				"west": {"uv": [0, 3, 16, 6], "rotation": 90, "texture": "#1", "cullface": "west"},
				"up": {"uv": [0, 0, 2, 3], "texture": "#1", "cullface": "north"},
				"down": {"uv": [0, 0, 2, 3], "texture": "#1", "cullface": "south"}
			}
		},
		{
			"name": "Right",
			"from": [14, 0, 13],
			"to": [16, 16, 16],
			"rotation": {"angle": 0, "axis": "y", "origin": [8, 8, 21]},
			"faces": {
				"north": {"uv": [0, 0, 2, 16], "texture": "#0"},
				"east": {"uv": [0, 3, 16, 6], "rotation": 270, "texture": "#1", "cullface": "east"},
				"south": {"uv": [14, 0, 16, 16], "texture": "#0", "cullface": "south"},
				"west": {"uv": [0, 0, 16, 3], "rotation": 90, "texture": "#1"},
				"up": {"uv": [14, 0, 16, 3], "texture": "#1", "cullface": "north"},
				"down": {"uv": [14, 0, 16, 3], "texture": "#1", "cullface": "south"}
			}
		},
		{
			"name": "Center",
			"from": [2, 2, 14],
			"to": [14, 14, 15],
			"rotation": {"angle": 0, "axis": "y", "origin": [8, 8, 21]},
			"faces": {
				"north": {"uv": [2, 2, 14, 14], "texture": "#0"},
				"south": {"uv": [2, 2, 14, 14], "texture": "#0"}
			}
		},
		{
			"name": " Vertical",
			"from": [7, 2, 13],
			"to": [9, 14, 16],
			"rotation": {"angle": 0, "axis": "y", "origin": [8, 8, 21]},
			"faces": {
				"north": {"uv": [7, 2, 9, 14], "texture": "#0"},
				"east": {"uv": [2, 0, 14, 3], "rotation": 270, "texture": "#1"},
				"south": {"uv": [7, 2, 9, 14], "texture": "#0", "cullface": "south"},
				"west": {"uv": [2, 0, 14, 3], "rotation": 90, "texture": "#1"}
			}
		},
		{
			"name": " Horizontal",
			"from": [2, 7, 13],
			"to": [14, 9, 16],
			"rotation": {"angle": 0, "axis": "y", "origin": [8, 8, 21]},
			"faces": {
				"north": {"uv": [2, 7, 14, 9], "texture": "#0"},
				"south": {"uv": [2, 7, 14, 9], "texture": "#0", "cullface": "south"},
				"up": {"uv": [2, 0, 14, 3], "texture": "#1"},
				"down": {"uv": [2, 0, 14, 3], "texture": "#1"}
			}
		}
	]
}