{
	"credit": "Made with Blockbench",
	"texture_size": [64, 64],
	"textures": {
		"1": "block/crimson_planks",
		"particle": "./dessertstand"
	},
	"elements": [
		{
			"from": [1, 8, 5],
			"to": [15, 9, 15.9],
			"faces": {
				"north": {"uv": [12.5, 2.75, 16, 3], "texture": "#particle"},
				"east": {"uv": [10.75, 1.25, 11.725, 1.5], "texture": "#particle"},
				"west": {"uv": [10.75, 1.25, 11.725, 1.5], "texture": "#particle"},
				"up": {"uv": [12.5, 0, 16, 2.725], "texture": "#particle"},
				"down": {"uv": [12.5, 0, 16, 2.725], "texture": "#particle"}
			}
		},
		{
			"name": "Glass1",
			"from": [16, 2, 0],
			"to": [0, 7, 16],
			"faces": {
				"north": {"uv": [0, 4, 4, 5.25], "texture": "#particle"},
				"east": {"uv": [8, 4, 4, 5.25], "texture": "#particle"},
				"west": {"uv": [4, 4, 8, 5.25], "texture": "#particle"}
			}
		},
		{
			"name": "Glass2",
			"from": [16.01, 0.5, 0.1],
			"to": [-0.01, 10.4, 11.1],
			"rotation": {"angle": 22.5, "axis": "x", "origin": [0, 4, 16]},
			"faces": {
				"north": {"uv": [0, 1.5, 4, 4], "texture": "#particle"},
				"east": {"uv": [6.75, 1.5, 4, 3.975], "texture": "#particle"},
				"west": {"uv": [4, 1.5, 6.75, 3.975], "texture": "#particle"}
			}
		},
		{
			"name": "Glass3",
			"from": [16.02, 2, 0.45],
			"to": [-0.02, 16, 16],
			"faces": {
				"east": {"uv": [4, 0, 7.8, 3.5], "texture": "#particle"},
				"south": {"uv": [0, 0, 16, 14], "texture": "#1"},
				"west": {"uv": [3.8, 5.25, 0, 8.75], "texture": "#particle"},
				"up": {"uv": [0, 12.55, 4, 8.75], "texture": "#particle"}
			}
		},
		{
			"name": "Glass1",
			"from": [0, 2, 0],
			"to": [16, 7, 16],
			"faces": {
				"north": {"uv": [0, 4, 4, 5.25], "texture": "#particle"},
				"east": {"uv": [8, 4, 4, 5.25], "texture": "#particle"},
				"west": {"uv": [4, 4, 8, 5.25], "texture": "#particle"}
			}
		},
		{
			"name": "Glass2",
			"from": [-0.01, 0.5, 0.1],
			"to": [16.01, 10.4, 11.1],
			"rotation": {"angle": 22.5, "axis": "x", "origin": [0, 4, 16]},
			"faces": {
				"north": {"uv": [0, 1.5, 4, 4], "texture": "#particle"},
				"east": {"uv": [6.75, 1.5, 4, 3.975], "texture": "#particle"},
				"west": {"uv": [4, 1.5, 6.75, 3.975], "texture": "#particle"}
			}
		},
		{
			"name": "Glass3",
			"from": [-0.02, 2, 0.45],
			"to": [16.02, 16, 16],
			"faces": {
				"east": {"uv": [0, 5.25, 3.8, 8.75], "texture": "#particle"},
				"south": {"uv": [0, 0, 16, 14], "texture": "#1"},
				"west": {"uv": [3.8, 5.25, 0, 8.75], "texture": "#particle"},
				"up": {"uv": [0, 12.55, 4, 8.75], "texture": "#particle"}
			}
		},
		{
			"name": "Base",
			"from": [0, 0, 0],
			"to": [16, 2, 16],
			"faces": {
				"north": {"uv": [0, 6, 16, 8], "texture": "#1"},
				"east": {"uv": [0, 10, 16, 12], "texture": "#1"},
				"south": {"uv": [0, 14, 16, 16], "texture": "#1"},
				"west": {"uv": [0, 2, 16, 4], "texture": "#1"},
				"up": {"uv": [0, 0, 16, 16], "texture": "#1"},
				"down": {"uv": [0, 0, 16, 16], "texture": "#1"}
			}
		},
		{
			"name": "CinRoll",
			"from": [2.75, 2, 4.5],
			"to": [9.75, 5, 11.5],
			"rotation": {"angle": 22.5, "axis": "y", "origin": [5.75, 10, 10.5]},
			"faces": {
				"north": {"uv": [14.25, 12.5, 16, 13.25], "texture": "#particle"},
				"east": {"uv": [14.25, 10, 16, 10.75], "texture": "#particle"},
				"south": {"uv": [14.25, 10, 16, 10.75], "texture": "#particle"},
				"west": {"uv": [14.25, 10, 16, 10.75], "texture": "#particle"},
				"up": {"uv": [14.25, 12.5, 16, 10.75], "texture": "#particle"},
				"down": {"uv": [14.25, 12.5, 16, 10.75], "texture": "#particle"}
			}
		},
		{
			"name": "CinRoll",
			"from": [2.75, 9, 6.5],
			"to": [11.75, 13, 11.5],
			"rotation": {"angle": -22.5, "axis": "y", "origin": [5.75, 10, 10.5]},
			"faces": {
				"north": {"uv": [8.25, 15, 10.5, 16], "texture": "#particle"},
				"east": {"uv": [10.5, 15, 11.75, 16], "texture": "#particle"},
				"south": {"uv": [10.5, 15, 8.25, 16], "texture": "#particle"},
				"west": {"uv": [9, 15, 10.25, 16], "texture": "#particle"},
				"up": {"uv": [8.25, 12.75, 9.5, 15], "rotation": 270, "texture": "#particle"},
				"down": {"uv": [8.25, 12.75, 9.5, 15], "rotation": 90, "texture": "#particle"}
			}
		},
		{
			"name": "Cookie",
			"from": [9, 4.25, -1],
			"to": [15, 4.25, 4],
			"rotation": {"angle": -22.5, "axis": "x", "origin": [11, 11, 6]},
			"faces": {
				"up": {"uv": [10, 13.5, 11.5, 14.75], "rotation": 180, "texture": "#particle"},
				"down": {"uv": [10, 13.5, 11.5, 14.75], "texture": "#particle"}
			}
		},
		{
			"name": "Cookie",
			"from": [9, 4.25, 1],
			"to": [15, 4.25, 6],
			"rotation": {"angle": -22.5, "axis": "x", "origin": [11, 11, 8]},
			"faces": {
				"up": {"uv": [10, 13.5, 11.5, 14.75], "rotation": 180, "texture": "#particle"},
				"down": {"uv": [10, 13.5, 11.5, 14.75], "texture": "#particle"}
			}
		},
		{
			"name": "Cookie",
			"from": [9, 4.25, 3],
			"to": [15, 4.25, 8],
			"rotation": {"angle": -22.5, "axis": "x", "origin": [11, 11, 10]},
			"faces": {
				"up": {"uv": [10, 13.5, 11.5, 14.75], "rotation": 180, "texture": "#particle"},
				"down": {"uv": [10, 13.5, 11.5, 14.75], "texture": "#particle"}
			}
		}
	],
	"display": {
		"thirdperson_righthand": {
			"scale": [0.5, 0.5, 0.5]
		},
		"thirdperson_lefthand": {
			"scale": [0.5, 0.5, 0.5]
		},
		"ground": {
			"translation": [0, 5, 0]
		},
		"gui": {
			"rotation": [28, 158, 0],
			"scale": [0.67, 0.68, 0.67]
		},
		"head": {
			"translation": [0, 0, -13.5]
		},
		"fixed": {
			"translation": [0, 0, -16.01],
			"scale": [2, 2, 2]
		}
	},
	"groups": [
		{
			"name": "Stand",
			"origin": [8, 8, 8],
			"color": 0,
			"children": [
				{
					"name": "shelves",
					"origin": [0, 4, 16],
					"color": 0,
					"children": [0]
				},
				{
					"name": "glass_inverted",
					"origin": [0, 4, 16],
					"color": 0,
					"children": [1, 2, 3]
				},
				{
					"name": "glass",
					"origin": [0, 4, 16],
					"color": 0,
					"children": [4, 5, 6]
				},
				7
			]
		},
		{
			"name": "Foods",
			"origin": [8, 8, 8],
			"color": 0,
			"children": [8, 9, 10, 11, 12]
		}
	]
}