{
	"credit": "Made with Blockbench",
	"texture_size": [32, 32],
	"textures": {
		"0": "./ramen",
		"particle": "./ramen"
	},
	"elements": [
		{
			"from": [2, 1, 2],
			"to": [13, 6, 13],
			"faces": {
				"north": {"uv": [10, 5.5, 15.5, 8], "texture": "#0"},
				"east": {"uv": [10, 5.5, 15.5, 8], "texture": "#0"},
				"south": {"uv": [10, 5.5, 15.5, 8], "texture": "#0"},
				"west": {"uv": [10, 5.5, 15.5, 8], "texture": "#0"},
				"up": {"uv": [10, 0, 15.5, 5.5], "texture": "#0"},
				"down": {"uv": [11, 8, 13.5, 8.5], "texture": "#0"}
			}
		},
		{
			"name": "InnerBowl",
			"from": [12, 1, 3],
			"to": [3, 6, 12],
			"faces": {
				"north": {"uv": [10.5, 5.5, 15, 8], "texture": "#0"},
				"east": {"uv": [10.5, 5.5, 15, 8], "texture": "#0"},
				"south": {"uv": [10.5, 5.5, 15, 8], "texture": "#0"},
				"west": {"uv": [10.5, 5.5, 15, 8], "texture": "#0"},
				"down": {"uv": [11, 8, 13.5, 8.5], "texture": "#0"}
			}
		},
		{
			"name": "Broth",
			"from": [3, 0, 3],
			"to": [12, 5, 12],
			"faces": {
				"up": {"uv": [0.5, 5, 5, 9.5], "texture": "#0"}
			}
		},
		{
			"name": "Broth",
			"from": [3, 4.5, 3],
			"to": [12, 5.5, 12],
			"faces": {
				"up": {"uv": [0.5, 10.5, 5, 15], "texture": "#0"},
				"down": {"uv": [0.5, 15, 5, 10.5], "texture": "#0"}
			}
		},
		{
			"from": [3, 0, 3],
			"to": [12, 1, 12],
			"faces": {
				"north": {"uv": [11, 8, 14.5, 8.5], "texture": "#0"},
				"east": {"uv": [11, 8, 14.5, 8.5], "texture": "#0"},
				"south": {"uv": [11, 8, 14.5, 8.5], "texture": "#0"},
				"west": {"uv": [11, 8, 14.5, 8.5], "texture": "#0"},
				"up": {"uv": [0, 0, 4.5, 4.5], "texture": "#0"},
				"down": {"uv": [14, 8, 14.5, 8.5], "texture": "#0"}
			}
		},
		{
			"from": [-10, 6, 12.5],
			"to": [8, 7, 13.5],
			"rotation": {"angle": 45, "axis": "y", "origin": [-1, 0, -1]},
			"faces": {
				"north": {"uv": [0, 0, 8, 0.5], "texture": "#0"},
				"east": {"uv": [8, 0, 8.5, 0.5], "texture": "#0"},
				"south": {"uv": [0, 0, 8, 0.5], "texture": "#0"},
				"west": {"uv": [8, 0.5, 8.5, 1], "texture": "#0"},
				"up": {"uv": [0, 0.5, 8, 1], "texture": "#0"},
				"down": {"uv": [0, 1, 8, 1.5], "texture": "#0"}
			}
		},
		{
			"from": [14, 6, -9],
			"to": [15, 7, 9],
			"rotation": {"angle": -45, "axis": "y", "origin": [-1, 0, -1]},
			"faces": {
				"north": {"uv": [8, 0, 8.5, 0.5], "texture": "#0"},
				"east": {"uv": [0, 0, 8, 0.5], "texture": "#0"},
				"south": {"uv": [8, 0.5, 8.5, 1], "texture": "#0"},
				"west": {"uv": [0, 0, 8, 0.5], "texture": "#0"},
				"up": {"uv": [0, 0.5, 8, 1], "rotation": 270, "texture": "#0"},
				"down": {"uv": [0, 1, 8, 1.5], "rotation": 90, "texture": "#0"}
			}
		}
	],
	"display": {
		"thirdperson_righthand": {
			"translation": [0, 3.25, 0],
			"scale": [0.5, 0.5, 0.5]
		},
		"thirdperson_lefthand": {
			"translation": [0, 2.75, 0],
			"scale": [0.5, 0.5, 0.5]
		},
		"firstperson_righthand": {
			"translation": [0, 5.25, 0]
		},
		"firstperson_lefthand": {
			"translation": [0, 5.75, 0]
		},
		"ground": {
			"translation": [0, 5.25, 0]
		},
		"gui": {
			"rotation": [35, 113, 0],
			"translation": [0, 2.5, 0]
		},
		"head": {
			"translation": [0, 14.25, 0]
		},
		"fixed": {
			"rotation": [-90, 0, 0],
			"translation": [0, 0, -15.75],
			"scale": [2, 2, 2]
		}
	}
}