{
	"credit": "Made with Blockbench",
	"texture_size": [32, 32],
	"textures": {
		"0": "./sushitex",
		"particle": "./sushitex"
	},
	"elements": [
		{
			"from": [0, 0, 2],
			"to": [16, 1, 9],
			"faces": {
				"north": {"uv": [0, 3.5, 8, 4], "texture": "#0"},
				"east": {"uv": [8, 0, 8.5, 3.5], "rotation": 270, "texture": "#0"},
				"south": {"uv": [0, 3.5, 8, 4], "texture": "#0"},
				"west": {"uv": [8, 0, 8.5, 3.5], "rotation": 90, "texture": "#0"},
				"up": {"uv": [0, 0, 8, 3.5], "texture": "#0"},
				"down": {"uv": [0, 0, 8, 3.5], "texture": "#0"}
			}
		},
		{
			"from": [-3, 0, 14],
			"to": [9, 1, 16],
			"rotation": {"angle": 22.5, "axis": "y", "origin": [0, 0, 0]},
			"faces": {
				"north": {"uv": [0, 5, 8, 5.5], "texture": "#0"},
				"east": {"uv": [8, 5, 8.5, 6.5], "rotation": 270, "texture": "#0"},
				"south": {"uv": [0, 5, 8, 5.5], "texture": "#0"},
				"west": {"uv": [8, 5, 8.5, 6.5], "rotation": 90, "texture": "#0"},
				"up": {"uv": [0, 5.5, 6, 6.5], "texture": "#0"},
				"down": {"uv": [0, 5.5, 6, 6.5], "texture": "#0"}
			}
		},
		{
			"from": [10.5, -3.5, 4],
			"to": [12.5, 0.5, 8.03],
			"rotation": {"angle": 22.5, "axis": "z", "origin": [0, 1, 0]},
			"faces": {
				"north": {"uv": [11, 0.5, 12, 2.5], "texture": "#0"},
				"east": {"uv": [9, 0.5, 11, 2.5], "rotation": 180, "texture": "#0"},
				"south": {"uv": [11, 0.5, 12, 2.5], "texture": "#0"},
				"west": {"uv": [9, 0.5, 11, 2.5], "rotation": 90, "texture": "#0"},
				"up": {"uv": [9, 2.5, 11, 3.5], "rotation": 90, "texture": "#0"},
				"down": {"uv": [9, 2.5, 11, 3.5], "rotation": 90, "texture": "#0"}
			}
		},
		{
			"from": [13, 1, 4.01],
			"to": [15, 5, 8.04],
			"rotation": {"angle": 0, "axis": "z", "origin": [0, 1, 0]},
			"faces": {
				"north": {"uv": [11, 0.5, 12, 2.5], "texture": "#0"},
				"east": {"uv": [9, 0.5, 11, 2.5], "rotation": 90, "texture": "#0"},
				"south": {"uv": [11, 0.5, 12, 2.5], "texture": "#0"},
				"west": {"uv": [9, 0.5, 11, 2.5], "rotation": 90, "texture": "#0"},
				"up": {"uv": [9, 2.5, 11, 3.5], "rotation": 90, "texture": "#0"},
				"down": {"uv": [9, 2.5, 11, 3.5], "rotation": 90, "texture": "#0"}
			}
		},
		{
			"from": [3, 7.8, 4],
			"to": [7, 9.8, 8.02],
			"rotation": {"angle": -45, "axis": "z", "origin": [0, 1, 0]},
			"faces": {
				"north": {"uv": [11, 0.5, 12, 2.5], "rotation": 90, "texture": "#0"},
				"east": {"uv": [9, 2.5, 11, 3.5], "texture": "#0"},
				"south": {"uv": [11, 0.5, 12, 2.5], "rotation": 270, "texture": "#0"},
				"west": {"uv": [9, 2.5, 11, 3.5], "texture": "#0"},
				"up": {"uv": [9, 0.5, 11, 2.5], "rotation": 270, "texture": "#0"},
				"down": {"uv": [9, 0.5, 11, 2.5], "texture": "#0"}
			}
		},
		{
			"from": [3.4, 3.8, 4],
			"to": [7.4, 5.8, 8.01],
			"rotation": {"angle": -22.5, "axis": "z", "origin": [0, 1, 0]},
			"faces": {
				"north": {"uv": [11, 0.5, 12, 2.5], "rotation": 90, "texture": "#0"},
				"east": {"uv": [9, 2.5, 11, 3.5], "texture": "#0"},
				"south": {"uv": [11, 0.5, 12, 2.5], "rotation": 270, "texture": "#0"},
				"west": {"uv": [9, 2.5, 11, 3.5], "texture": "#0"},
				"up": {"uv": [9, 0.5, 11, 2.5], "rotation": 180, "texture": "#0"},
				"down": {"uv": [9, 0.5, 11, 2.5], "texture": "#0"}
			}
		},
		{
			"from": [1, 1, 4],
			"to": [5, 3, 8],
			"rotation": {"angle": 0, "axis": "z", "origin": [0, 1, 0]},
			"faces": {
				"north": {"uv": [11, 0.5, 12, 2.5], "rotation": 90, "texture": "#0"},
				"east": {"uv": [9, 2.5, 11, 3.5], "texture": "#0"},
				"south": {"uv": [11, 0.5, 12, 2.5], "rotation": 270, "texture": "#0"},
				"west": {"uv": [9, 2.5, 11, 3.5], "texture": "#0"},
				"up": {"uv": [9, 0.5, 11, 2.5], "texture": "#0"},
				"down": {"uv": [0, 0, 1.5, 1.5], "texture": "#missing"}
			}
		}
	],
	"display": {
		"thirdperson_righthand": {
			"translation": [0, 7.75, -0.25]
		},
		"thirdperson_lefthand": {
			"translation": [0, 7.75, 0]
		},
		"firstperson_righthand": {
			"translation": [0, 7.5, 0]
		},
		"firstperson_lefthand": {
			"translation": [0, 7.5, 0]
		},
		"ground": {
			"translation": [0, 5.75, 0]
		},
		"gui": {
			"rotation": [45, 25, 0],
			"translation": [1, 3.75, 0],
			"scale": [0.8, 0.8, 0.8]
		},
		"head": {
			"rotation": [0, -180, 0],
			"translation": [0, 14.5, 0]
		},
		"fixed": {
			"rotation": [-90, 0, 0],
			"translation": [0, 0, -15.5],
			"scale": [2, 2, 2]
		}
	}
}