{
	"credit": "Made with Blockbench",
	"texture_size": [24, 16],
	"textures": {
		"0": "./bluemushroom",
		"particle": "./bluemushroom"
	},
	"elements": [
		{
			"from": [6, 0, 10],
			"to": [10, 8, 10],
			"faces": {
				"north": {"uv": [10.66667, 1, 16, 5], "rotation": 270, "texture": "#0"},
				"east": {"uv": [0, 0, 2, 9], "texture": "#0"},
				"south": {"uv": [10.66667, 1, 16, 5], "rotation": 270, "texture": "#0"},
				"west": {"uv": [0, 0, 2, 9], "texture": "#0"},
				"up": {"uv": [0, 0, 2, 2], "texture": "#0"},
				"down": {"uv": [0, 0, 2, 2], "texture": "#0"}
			}
		},
		{
			"from": [6, 3, 6],
			"to": [7, 7, 6],
			"faces": {
				"north": {"uv": [7.33333, 8, 8, 12], "texture": "#0"},
				"east": {"uv": [0, 0, 2, 9], "texture": "#0"},
				"south": {"uv": [7.33333, 8, 8, 12], "texture": "#0"},
				"west": {"uv": [0, 0, 2, 9], "texture": "#0"},
				"up": {"uv": [0, 0, 2, 2], "texture": "#0"},
				"down": {"uv": [0, 0, 2, 2], "texture": "#0"}
			}
		},
		{
			"from": [10, 3, 14],
			"to": [11, 7, 14],
			"faces": {
				"north": {"uv": [7.33333, 8, 8, 12], "texture": "#0"},
				"east": {"uv": [0, 0, 2, 9], "texture": "#0"},
				"south": {"uv": [7.33333, 8, 8, 12], "texture": "#0"},
				"west": {"uv": [0, 0, 2, 9], "texture": "#0"},
				"up": {"uv": [0, 0, 2, 2], "texture": "#0"},
				"down": {"uv": [0, 0, 2, 2], "texture": "#0"}
			}
		},
		{
			"from": [10, 3, 6],
			"to": [11, 7, 6],
			"faces": {
				"north": {"uv": [7.33333, 12, 8, 16], "texture": "#0"},
				"east": {"uv": [0, 0, 2, 9], "texture": "#0"},
				"south": {"uv": [7.33333, 12, 8, 16], "texture": "#0"},
				"west": {"uv": [0, 0, 2, 9], "texture": "#0"},
				"up": {"uv": [0, 0, 2, 2], "texture": "#0"},
				"down": {"uv": [0, 0, 2, 2], "texture": "#0"}
			}
		},
		{
			"from": [4, 3, 12],
			"to": [4, 7, 13],
			"faces": {
				"north": {"uv": [0, 0, 2, 9], "texture": "#0"},
				"east": {"uv": [7.33333, 12, 8, 16], "texture": "#0"},
				"south": {"uv": [0, 0, 2, 9], "texture": "#0"},
				"west": {"uv": [7.33333, 12, 8, 16], "texture": "#0"},
				"up": {"uv": [0, 0, 2, 2], "rotation": 270, "texture": "#0"},
				"down": {"uv": [0, 0, 2, 2], "rotation": 90, "texture": "#0"}
			}
		},
		{
			"from": [12, 3, 8],
			"to": [12, 7, 9],
			"faces": {
				"north": {"uv": [0, 0, 2, 9], "texture": "#0"},
				"east": {"uv": [7.33333, 12, 8, 16], "texture": "#0"},
				"south": {"uv": [0, 0, 2, 9], "texture": "#0"},
				"west": {"uv": [7.33333, 12, 8, 16], "texture": "#0"},
				"up": {"uv": [0, 0, 2, 2], "rotation": 270, "texture": "#0"},
				"down": {"uv": [0, 0, 2, 2], "rotation": 90, "texture": "#0"}
			}
		},
		{
			"from": [4, 3, 7],
			"to": [4, 7, 8],
			"faces": {
				"north": {"uv": [0, 0, 2, 9], "texture": "#0"},
				"east": {"uv": [7.33333, 8, 8, 12], "texture": "#0"},
				"south": {"uv": [0, 0, 2, 9], "texture": "#0"},
				"west": {"uv": [7.33333, 8, 8, 12], "texture": "#0"},
				"up": {"uv": [0, 0, 2, 2], "rotation": 270, "texture": "#0"},
				"down": {"uv": [0, 0, 2, 2], "rotation": 90, "texture": "#0"}
			}
		},
		{
			"from": [12, 3, 12],
			"to": [12, 7, 13],
			"faces": {
				"north": {"uv": [0, 0, 2, 9], "texture": "#0"},
				"east": {"uv": [7.33333, 8, 8, 12], "texture": "#0"},
				"south": {"uv": [0, 0, 2, 9], "texture": "#0"},
				"west": {"uv": [7.33333, 8, 8, 12], "texture": "#0"},
				"up": {"uv": [0, 0, 2, 2], "rotation": 270, "texture": "#0"},
				"down": {"uv": [0, 0, 2, 2], "rotation": 90, "texture": "#0"}
			}
		},
		{
			"from": [8, 0, 8],
			"to": [8, 8, 12],
			"faces": {
				"north": {"uv": [10.66667, 1, 16, 5], "rotation": 270, "texture": "#0"},
				"east": {"uv": [10.66667, 1, 16, 5], "rotation": 270, "texture": "#0"},
				"south": {"uv": [10.66667, 1, 16, 5], "rotation": 270, "texture": "#0"},
				"west": {"uv": [10.66667, 1, 16, 5], "rotation": 270, "texture": "#0"},
				"up": {"uv": [0, 0, 2, 2], "texture": "#0"},
				"down": {"uv": [0, 0, 2, 2], "texture": "#0"}
			}
		},
		{
			"from": [3, 7, 5],
			"to": [13, 12, 15],
			"faces": {
				"north": {"uv": [0, 0, 6.66667, 5], "texture": "#0"},
				"east": {"uv": [0, 0, 6.66667, 5], "texture": "#0"},
				"south": {"uv": [0, 0, 6.66667, 5], "texture": "#0"},
				"west": {"uv": [0, 0, 6.66667, 5], "texture": "#0"},
				"up": {"uv": [0, 6, 6.66667, 16], "texture": "#0"},
				"down": {"uv": [9.33333, 6, 16, 16], "texture": "#0"}
			}
		}
	],
	"display": {
		"thirdperson_righthand": {
			"translation": [0, 3, 0]
		},
		"thirdperson_lefthand": {
			"translation": [0, 3, 0]
		},
		"ground": {
			"translation": [-0.5, 5, -0.75]
		},
		"head": {
			"translation": [0, 14.25, -2]
		},
		"fixed": {
			"rotation": [-90, 0, 0],
			"translation": [0, 2.5, -16],
			"scale": [2, 2, 2]
		}
	}
}