{
	"credit": "Made with Blockbench",
	"textures": {
		"0": "block/black_wool",
		"1": "block/black_concrete",
		"2": "./officechair",
		"particle": "block/black_wool"
	},
	"elements": [
		{
			"from": [0, 0, 7.5],
			"to": [8, 3, 8.5],
			"rotation": {"angle": 0, "axis": "y", "origin": [8, 0, 8]},
			"faces": {
				"north": {"uv": [8, 1, 0, 4], "texture": "#2"},
				"east": {"uv": [15, 0, 16, 3], "texture": "#2"},
				"south": {"uv": [0, 1, 8, 4], "texture": "#2"},
				"west": {"uv": [0, 1, 1, 4], "texture": "#2"},
				"up": {"uv": [0, 0, 8, 1], "rotation": 180, "texture": "#2"},
				"down": {"uv": [0, 0, 8, 0], "rotation": 180, "texture": "#2"}
			}
		},
		{
			"from": [7.5, 0, 0],
			"to": [8.5, 3, 8],
			"rotation": {"angle": 22.5, "axis": "y", "origin": [8, 0, 8]},
			"faces": {
				"north": {"uv": [0, 1, 1, 4], "texture": "#2"},
				"east": {"uv": [8, 1, 0, 4], "texture": "#2"},
				"south": {"uv": [15, 0, 16, 3], "texture": "#2"},
				"west": {"uv": [0, 1, 8, 4], "texture": "#2"},
				"up": {"uv": [0, 0, 8, 1], "rotation": 270, "texture": "#2"},
				"down": {"uv": [0, 0, 8, 0], "rotation": 90, "texture": "#2"}
			}
		},
		{
			"from": [7.5, 0, 0],
			"to": [8.5, 3, 8],
			"rotation": {"angle": -45, "axis": "y", "origin": [8, 0, 8]},
			"faces": {
				"north": {"uv": [0, 1, 1, 4], "texture": "#2"},
				"east": {"uv": [8, 1, 0, 4], "texture": "#2"},
				"south": {"uv": [15, 0, 16, 3], "texture": "#2"},
				"west": {"uv": [0, 1, 8, 4], "texture": "#2"},
				"up": {"uv": [0, 0, 8, 1], "rotation": 270, "texture": "#2"},
				"down": {"uv": [0, 0, 8, 0], "rotation": 90, "texture": "#2"}
			}
		},
		{
			"from": [8, 0, 7.5],
			"to": [16, 3, 8.5],
			"rotation": {"angle": -45, "axis": "y", "origin": [8, 0, 8]},
			"faces": {
				"north": {"uv": [0, 1, 8, 4], "texture": "#2"},
				"east": {"uv": [0, 1, 1, 4], "texture": "#2"},
				"south": {"uv": [8, 1, 0, 4], "texture": "#2"},
				"west": {"uv": [15, 0, 16, 3], "texture": "#2"},
				"up": {"uv": [0, 0, 8, 1], "texture": "#2"},
				"down": {"uv": [0, 0, 8, 0], "texture": "#2"}
			}
		},
		{
			"from": [7.5, 0, 8],
			"to": [8.5, 3, 16],
			"rotation": {"angle": -22.5, "axis": "y", "origin": [8, 0, 8]},
			"faces": {
				"north": {"uv": [15, 0, 16, 3], "texture": "#2"},
				"east": {"uv": [0, 1, 8, 4], "texture": "#2"},
				"south": {"uv": [0, 1, 1, 4], "texture": "#2"},
				"west": {"uv": [8, 1, 0, 4], "texture": "#2"},
				"up": {"uv": [0, 0, 8, 1], "rotation": 90, "texture": "#2"},
				"down": {"uv": [0, 0, 8, 0], "rotation": 270, "texture": "#2"}
			}
		},
		{
			"from": [6.5, 2, 8],
			"to": [9.5, 12, 8],
			"faces": {
				"north": {"uv": [11, 3, 14, 13], "texture": "#2"},
				"east": {"uv": [0, 0, 0, 5], "texture": "#2"},
				"south": {"uv": [11, 3, 14, 13], "texture": "#2"},
				"west": {"uv": [0, 0, 0, 5], "texture": "#2"},
				"up": {"uv": [0, 0, 2, 0], "texture": "#2"},
				"down": {"uv": [0, 0, 2, 0], "texture": "#2"}
			}
		},
		{
			"from": [8, 2, 6.5],
			"to": [8, 12, 9.5],
			"rotation": {"angle": 0, "axis": "y", "origin": [8, 0, 8]},
			"faces": {
				"north": {"uv": [0, 0, 0, 5], "texture": "#2"},
				"east": {"uv": [11, 3, 14, 13], "texture": "#2"},
				"south": {"uv": [0, 0, 0, 5], "texture": "#2"},
				"west": {"uv": [11, 3, 14, 13], "texture": "#2"},
				"up": {"uv": [0, 0, 2, 0], "rotation": 270, "texture": "#2"},
				"down": {"uv": [0, 0, 2, 0], "rotation": 90, "texture": "#2"}
			}
		},
		{
			"from": [7.5, 10, 6],
			"to": [10.5, 10, 14],
			"rotation": {"angle": -22.5, "axis": "x", "origin": [8, -2, 8]},
			"faces": {
				"north": {"uv": [0, 0, 2, 0], "texture": "#2"},
				"east": {"uv": [0, 0, 0, 5], "rotation": 90, "texture": "#2"},
				"south": {"uv": [0, 0, 2, 0], "rotation": 180, "texture": "#2"},
				"west": {"uv": [0, 0, 0, 5], "rotation": 270, "texture": "#2"},
				"up": {"uv": [0, 7, 7, 5], "rotation": 90, "texture": "#2"},
				"down": {"uv": [0, 5, 7, 7], "rotation": 270, "texture": "#2"}
			}
		},
		{
			"from": [2, 11, 2],
			"to": [14, 13, 14],
			"rotation": {"angle": 0, "axis": "y", "origin": [8, 11.5, 8]},
			"faces": {
				"north": {"uv": [0, 0, 12, 2], "texture": "#1"},
				"east": {"uv": [0, 0, 12, 2], "texture": "#1"},
				"south": {"uv": [0, 0, 12, 2], "texture": "#1"},
				"west": {"uv": [0, 0, 12, 2], "texture": "#1"},
				"up": {"uv": [0, 0, 12, 12], "texture": "#1"},
				"down": {"uv": [0, 0, 12, 12], "texture": "#1"}
			}
		},
		{
			"from": [3, 11.5, 3],
			"to": [13, 13.5, 13],
			"rotation": {"angle": 0, "axis": "y", "origin": [8, 11.5, 8]},
			"faces": {
				"north": {"uv": [0, 0, 10, 2], "texture": "#0"},
				"east": {"uv": [0, 0, 10, 2], "texture": "#0"},
				"south": {"uv": [0, 0, 10, 2], "texture": "#0"},
				"west": {"uv": [0, 0, 10, 2], "texture": "#0"},
				"up": {"uv": [0, 0, 10, 10], "texture": "#0"},
				"down": {"uv": [0, 0, 10, 10], "texture": "#0"}
			}
		},
		{
			"from": [13.5, 14.5, 2],
			"to": [15.5, 26.5, 14],
			"rotation": {"angle": 0, "axis": "z", "origin": [8, 11.5, 8]},
			"faces": {
				"north": {"uv": [0, 0, 12, 2], "rotation": 90, "texture": "#1"},
				"east": {"uv": [0, 0, 12, 12], "rotation": 270, "texture": "#1"},
				"south": {"uv": [0, 0, 12, 2], "rotation": 270, "texture": "#1"},
				"west": {"uv": [0, 0, 12, 12], "rotation": 270, "texture": "#1"},
				"up": {"uv": [0, 0, 12, 2], "rotation": 270, "texture": "#1"},
				"down": {"uv": [0, 0, 12, 2], "rotation": 270, "texture": "#1"}
			}
		},
		{
			"from": [13, 15.5, 3],
			"to": [15, 25.5, 13],
			"rotation": {"angle": 0, "axis": "z", "origin": [8, 11.5, 8]},
			"faces": {
				"north": {"uv": [0, 0, 10, 2], "rotation": 90, "texture": "#0"},
				"east": {"uv": [0, 0, 10, 10], "rotation": 270, "texture": "#0"},
				"south": {"uv": [0, 0, 10, 2], "rotation": 270, "texture": "#0"},
				"west": {"uv": [0, 0, 10, 10], "rotation": 270, "texture": "#0"},
				"up": {"uv": [0, 0, 10, 2], "rotation": 270, "texture": "#0"},
				"down": {"uv": [0, 0, 10, 2], "rotation": 270, "texture": "#0"}
			}
		},
		{
			"from": [12.5, 13.5, 6.5],
			"to": [13.5, 17.5, 9.5],
			"rotation": {"angle": -22.5, "axis": "z", "origin": [8, 11.5, 8]},
			"faces": {
				"north": {"uv": [3, 9, 4, 16], "rotation": 180, "texture": "#2"},
				"east": {"uv": [4, 9, 7, 16], "rotation": 180, "texture": "#2"},
				"south": {"uv": [3, 9, 4, 16], "rotation": 180, "texture": "#2"},
				"west": {"uv": [4, 9, 7, 16], "rotation": 180, "texture": "#2"},
				"up": {"uv": [0, 0, 3, 1], "rotation": 270, "texture": "#2"},
				"down": {"uv": [0, 0, 3, 1], "rotation": 270, "texture": "#2"}
			}
		}
	],
	"display": {
		"firstperson_lefthand": {
			"rotation": [0, -180, 0]
		},
		"ground": {
			"translation": [0, 4.25, 0]
		},
		"gui": {
			"rotation": [27, 62, 0],
			"translation": [-0.25, -2.75, 0],
			"scale": [0.4, 0.4, 0.4]
		},
		"head": {
			"rotation": [0, -90, 0],
			"translation": [0, 14.25, 0]
		},
		"fixed": {
			"rotation": [-90, 0, 0],
			"translation": [0, 0, -15.5],
			"scale": [2, 2, 2]
		}
	}
}