{
	"credit": "Made with Blockbench",
	"parent": "minecraft:item/handheld",
	"textures": {
		"layer0": "./papersword"
	},
	"display": {
		"thirdperson_righthand": {
			"rotation": [90, 90, -33],
			"translation": [0, 6.25, 2.75]
		},
		"thirdperson_lefthand": {
			"rotation": [90, 90, -122],
			"translation": [0, 6.5, 3]
		},
		"firstperson_righthand": {
			"rotation": [0, 85, 48],
			"translation": [2.5, 0, 0]
		},
		"firstperson_lefthand": {
			"rotation": [0, -99, -51],
			"translation": [2.25, 0, 0]
		},
		"ground": {
			"translation": [0, 4.25, 0]
		},
		"gui": {
			"scale": [0.8, 0.8, 0.8]
		},
		"head": {
			"translation": [0, 14.5, 0]
		}
	}
}