{
	"credit": "Made with Blockbench",
	"texture_size": [32, 32],
	"textures": {
		"0": "block/red_concrete",
		"1": "./VendingMachine2",
		"2": "./vanillaglass",
		"3": "block/black_concrete",
		"5": "./tinyscreen2",
		"particle": "block/red_concrete"
	},
	"elements": [
		{
			"from": [0, 0, 0],
			"to": [16, 15, 16],
			"faces": {
				"north": {"uv": [0, 0, 8, 7.5], "texture": "#3"},
				"east": {"uv": [0, 0, 8, 7.5], "texture": "#3"},
				"south": {"uv": [0, 0, 8, 7.5], "texture": "#0"},
				"west": {"uv": [0, 0, 8, 7.5], "texture": "#3"},
				"up": {"uv": [15.5, 3.5, 16, 4], "texture": "#1"},
				"down": {"uv": [0, 0, 8, 8], "texture": "#0"}
			}
		},
		{
			"name": "BottomDecals",
			"from": [-0.1, 0, -0.1],
			"to": [16.1, 15.1, 16.1],
			"faces": {
				"south": {"uv": [8, 8, 16, 16], "texture": "#1"},
				"down": {"uv": [0, 0, 8.1, 8.1], "texture": "#0"}
			}
		},
		{
			"from": [0, 27, 14],
			"to": [16, 31, 16],
			"faces": {
				"north": {"uv": [0, 0, 8, 2], "texture": "#0"},
				"east": {"uv": [0, 0, 1, 2], "texture": "#3"},
				"south": {"uv": [0, 0, 8, 2], "texture": "#0"},
				"west": {"uv": [0, 0, 1, 2], "texture": "#3"},
				"up": {"uv": [0, 0, 8, 1], "texture": "#0"},
				"down": {"uv": [0, 0, 8, 1], "texture": "#0"}
			}
		},
		{
			"name": "TopDecal",
			"from": [0, 27, 16.01],
			"to": [16, 31, 16.01],
			"faces": {
				"south": {"uv": [0, 0, 16, 3], "texture": "#1"}
			}
		},
		{
			"from": [0, 15, 0],
			"to": [16, 30, 2],
			"faces": {
				"north": {"uv": [0, 0, 8, 8], "texture": "#3"},
				"east": {"uv": [0, 0, 1, 8], "texture": "#3"},
				"south": {"uv": [15, 3.5, 15.5, 4], "texture": "#1"},
				"west": {"uv": [0, 0, 1, 8], "texture": "#3"},
				"up": {"uv": [0, 0, 8, 1], "texture": "#0"},
				"down": {"uv": [0, 0, 8, 1], "texture": "#0"}
			}
		},
		{
			"from": [1, 30, 2],
			"to": [12, 30, 14],
			"faces": {
				"north": {"uv": [0, 0, 5.5, 0], "texture": "#3"},
				"east": {"uv": [0, 0, 6, 0], "texture": "#3"},
				"south": {"uv": [0, 0, 5.5, 0], "texture": "#0"},
				"west": {"uv": [0, 0, 6, 0], "texture": "#3"},
				"up": {"uv": [0, 0, 5.5, 6], "texture": "#0"},
				"down": {"uv": [15, 3, 15.5, 3.5], "texture": "#1"}
			}
		},
		{
			"name": "TopRow",
			"from": [1, 24, 5],
			"to": [12, 25, 13],
			"faces": {
				"north": {"uv": [4.5, 3, 9, 3.5], "texture": "#1"},
				"east": {"uv": [0, 0, 4, 0.5], "texture": "#0"},
				"south": {"uv": [0, 3, 4.5, 3.5], "texture": "#1"},
				"west": {"uv": [0, 0, 4, 0.5], "texture": "#0"},
				"up": {"uv": [4.5, 3, 9, 3.5], "texture": "#1"},
				"down": {"uv": [9, 3, 13.5, 3.5], "texture": "#1"}
			}
		},
		{
			"name": "TopRow",
			"from": [1, 19, 5],
			"to": [12, 20, 13],
			"faces": {
				"north": {"uv": [4.5, 3, 9, 3.5], "texture": "#1"},
				"east": {"uv": [0, 0, 4, 0.5], "texture": "#0"},
				"south": {"uv": [0, 3.5, 4.5, 4], "texture": "#1"},
				"west": {"uv": [0, 0, 4, 0.5], "texture": "#0"},
				"up": {"uv": [4.5, 3, 9, 3.5], "texture": "#1"},
				"down": {"uv": [9, 3, 13.5, 3.5], "texture": "#1"}
			}
		},
		{
			"name": "TopRow",
			"from": [1, 15, 5],
			"to": [12, 16, 13],
			"faces": {
				"north": {"uv": [4.5, 3, 9, 3.5], "texture": "#1"},
				"east": {"uv": [0, 0, 4, 0.5], "texture": "#0"},
				"south": {"uv": [0, 4, 4.5, 4.5], "texture": "#1"},
				"west": {"uv": [0, 0, 4, 0.5], "texture": "#0"},
				"up": {"uv": [4.5, 3, 9, 3.5], "texture": "#1"},
				"down": {"uv": [9, 3, 13.5, 3.5], "texture": "#1"}
			}
		},
		{
			"name": "Items",
			"from": [1, 25, 12],
			"to": [12, 29, 12],
			"faces": {
				"north": {"uv": [4.5, 3, 9, 3.5], "texture": "#1"},
				"east": {"uv": [0, 0, 4, 0.5], "texture": "#0"},
				"south": {"uv": [4.5, 8.5, 8, 16], "rotation": 90, "texture": "#1"},
				"west": {"uv": [0, 0, 4, 0.5], "texture": "#0"},
				"up": {"uv": [4.5, 4.5, 11, 8], "texture": "#1"},
				"down": {"uv": [9, 3, 13.5, 3.5], "texture": "#1"}
			}
		},
		{
			"name": "Items",
			"from": [1, 20, 12],
			"to": [12, 24, 12],
			"faces": {
				"north": {"uv": [4.5, 3, 9, 3.5], "texture": "#1"},
				"east": {"uv": [0, 0, 4, 0.5], "texture": "#0"},
				"south": {"uv": [4, 4.5, 11.5, 8], "texture": "#1"},
				"west": {"uv": [0, 0, 4, 0.5], "texture": "#0"},
				"up": {"uv": [4.5, 4.5, 11, 8], "texture": "#1"},
				"down": {"uv": [9, 3, 13.5, 3.5], "texture": "#1"}
			}
		},
		{
			"name": "Items",
			"from": [1, 16, 12],
			"to": [6, 20, 12],
			"faces": {
				"north": {"uv": [4.5, 3, 9, 3.5], "texture": "#1"},
				"east": {"uv": [0, 0, 4, 0.5], "texture": "#0"},
				"south": {"uv": [12, 4.5, 16, 8], "texture": "#1"},
				"west": {"uv": [0, 0, 4, 0.5], "texture": "#0"},
				"up": {"uv": [4.5, 4.5, 11, 8], "texture": "#1"},
				"down": {"uv": [9, 3, 13.5, 3.5], "texture": "#1"}
			}
		},
		{
			"name": "Items",
			"from": [1, 16, 6],
			"to": [6, 20, 6],
			"faces": {
				"north": {"uv": [4.5, 3, 9, 3.5], "texture": "#1"},
				"east": {"uv": [0, 0, 4, 0.5], "texture": "#0"},
				"south": {"uv": [12, 4.5, 16, 8], "texture": "#1"},
				"west": {"uv": [0, 0, 4, 0.5], "texture": "#0"},
				"up": {"uv": [4.5, 4.5, 11, 8], "texture": "#1"},
				"down": {"uv": [9, 3, 13.5, 3.5], "texture": "#1"}
			}
		},
		{
			"name": "Items",
			"from": [1, 20, 6],
			"to": [12, 24, 6],
			"faces": {
				"north": {"uv": [4.5, 3, 9, 3.5], "texture": "#1"},
				"east": {"uv": [0, 0, 4, 0.5], "texture": "#0"},
				"south": {"uv": [4, 4.5, 11.5, 8], "texture": "#1"},
				"west": {"uv": [0, 0, 4, 0.5], "texture": "#0"},
				"up": {"uv": [4.5, 4.5, 11, 8], "texture": "#1"},
				"down": {"uv": [9, 3, 13.5, 3.5], "texture": "#1"}
			}
		},
		{
			"name": "Items",
			"from": [1, 25, 7],
			"to": [12, 29, 7],
			"faces": {
				"north": {"uv": [4.5, 3, 9, 3.5], "texture": "#1"},
				"east": {"uv": [0, 0, 4, 0.5], "texture": "#0"},
				"south": {"uv": [4.5, 8.5, 8, 16], "rotation": 90, "texture": "#1"},
				"west": {"uv": [0, 0, 4, 0.5], "texture": "#0"},
				"up": {"uv": [4.5, 4.5, 11, 8], "texture": "#1"},
				"down": {"uv": [9, 3, 13.5, 3.5], "texture": "#1"}
			}
		},
		{
			"from": [1, 15, 15.5],
			"to": [12, 27, 15.5],
			"faces": {
				"north": {"uv": [0, 0, 16, 16], "texture": "#2"},
				"east": {"uv": [0, 0, 0.5, 6], "texture": "#2"},
				"south": {"uv": [0, 0, 16, 16], "texture": "#2"},
				"west": {"uv": [0, 0, 0.5, 6], "texture": "#2"},
				"up": {"uv": [0, 0, 5.5, 0.5], "texture": "#2"},
				"down": {"uv": [0, 0, 5.5, 0.5], "texture": "#2"}
			}
		},
		{
			"name": "Screen",
			"from": [5, 9, 16.11],
			"to": [13, 14, 16.11],
			"faces": {
				"north": {"uv": [0, 0, 16, 16], "texture": "#2"},
				"east": {"uv": [0, 0, 0.5, 6], "texture": "#2"},
				"south": {"uv": [0, 0, 15.5, 9.5], "texture": "#5"},
				"west": {"uv": [0, 0, 0.5, 6], "texture": "#2"},
				"up": {"uv": [0, 0, 5.5, 0.5], "texture": "#2"},
				"down": {"uv": [0, 0, 5.5, 0.5], "texture": "#2"}
			}
		},
		{
			"from": [0, 15, 2],
			"to": [1, 28, 16],
			"faces": {
				"north": {"uv": [0, 0, 0.5, 6.5], "texture": "#0"},
				"east": {"uv": [15.5, 3, 16, 3.5], "texture": "#1"},
				"south": {"uv": [0, 0, 0.5, 6.5], "texture": "#0"},
				"west": {"uv": [0, 0, 7, 6.5], "texture": "#3"},
				"up": {"uv": [0, 0, 0.5, 7], "texture": "#0"},
				"down": {"uv": [0, 0, 0.5, 7], "texture": "#0"}
			}
		},
		{
			"from": [0, 28, 2],
			"to": [1, 30, 14],
			"faces": {
				"north": {"uv": [0, 0, 0.5, 1.5], "texture": "#0"},
				"east": {"uv": [15.5, 3, 16, 3.5], "texture": "#1"},
				"south": {"uv": [0, 0, 0.5, 1.5], "texture": "#0"},
				"west": {"uv": [0, 0, 6, 1.5], "texture": "#3"},
				"up": {"uv": [0, 0, 0.5, 6], "texture": "#0"},
				"down": {"uv": [0, 0, 0.5, 6], "texture": "#0"}
			}
		},
		{
			"from": [12, 28, 2],
			"to": [16, 30, 14],
			"faces": {
				"north": {"uv": [0, 0, 2, 1.5], "texture": "#0"},
				"east": {"uv": [0, 0, 6, 1.5], "texture": "#3"},
				"south": {"uv": [0, 0, 2, 1.5], "texture": "#0"},
				"west": {"uv": [15.5, 3, 16, 3.5], "texture": "#1"},
				"up": {"uv": [0, 0, 2, 6], "texture": "#0"},
				"down": {"uv": [0, 0, 2, 6], "texture": "#0"}
			}
		},
		{
			"name": "RightSideDecals",
			"from": [12, 16, 16.01],
			"to": [16, 28, 16.01],
			"faces": {
				"south": {"uv": [0, 4.5, 4, 15.5], "texture": "#1"}
			}
		},
		{
			"name": "InnerChute",
			"from": [3, 15.01, 12],
			"to": [10, 15.01, 15],
			"faces": {
				"up": {"uv": [8, 3.5, 12, 4], "texture": "#1"}
			}
		},
		{
			"from": [12, 15, 2],
			"to": [16, 28, 16],
			"faces": {
				"north": {"uv": [0, 0, 2, 6.5], "texture": "#0"},
				"east": {"uv": [0, 0, 7, 6.5], "texture": "#3"},
				"south": {"uv": [0, 0, 2, 6.5], "texture": "#0"},
				"west": {"uv": [15.5, 3, 16, 3.5], "texture": "#1"},
				"up": {"uv": [0, 0, 2, 7], "texture": "#0"},
				"down": {"uv": [0, 0, 2, 7], "texture": "#0"}
			}
		}
	],
	"display": {
		"thirdperson_righthand": {
			"scale": [0.5, 0.5, 0.5]
		},
		"thirdperson_lefthand": {
			"scale": [0.5, 0.5, 0.5]
		},
		"firstperson_righthand": {
			"rotation": [0, -58, 0],
			"scale": [0.2, 0.2, 0.2]
		},
		"firstperson_lefthand": {
			"rotation": [0, -45, 0],
			"translation": [0.75, 0, 0],
			"scale": [0.2, 0.2, 0.2]
		},
		"ground": {
			"translation": [0, 7, 0]
		},
		"gui": {
			"rotation": [34, -31, 0],
			"translation": [0, -2.25, 0],
			"scale": [0.4, 0.4, 0.4]
		},
		"head": {
			"rotation": [0, -180, 0]
		},
		"fixed": {
			"rotation": [-90, 0, 0],
			"translation": [0, 0.01, 12.25],
			"scale": [2.02, 2, 2.02]
		}
	}
}