{
	"credit": "Made with Blockbench",
	"texture_size": [32, 32],
	"textures": {
		"0": "./Dishes",
		"particle": "./Dishes"
	},
	"elements": [
		{
			"from": [-7.5, 0.1, 3.8],
			"to": [7.5, 0.1, 18.8],
			"rotation": {"angle": 45, "axis": "y", "origin": [0, 0, 0]},
			"faces": {
				"north": {"uv": [14.5, 8, 16, 14.5], "texture": "#missing"},
				"east": {"uv": [14.5, 8, 16, 14.5], "texture": "#missing"},
				"south": {"uv": [14.5, 8, 16, 14.5], "texture": "#missing"},
				"west": {"uv": [14.5, 8, 16, 14.5], "texture": "#missing"},
				"up": {"uv": [0, 0, 7.5, 7.5], "texture": "#0"},
				"down": {"uv": [0, 0, 7.5, 7.5], "texture": "#0"}
			}
		}
	],
	"display": {
		"thirdperson_righthand": {
			"translation": [0, 4.5, 0],
			"scale": [0.56, 0.52, 0.52]
		},
		"thirdperson_lefthand": {
			"translation": [0, 5, 0],
			"scale": [0.54, 0.54, 0.52]
		},
		"firstperson_righthand": {
			"translation": [0, 7, 0]
		},
		"firstperson_lefthand": {
			"translation": [0, 6.25, 0]
		},
		"ground": {
			"translation": [0, 4.5, 0]
		},
		"head": {
			"translation": [0, 14.5, 0]
		},
		"fixed": {
			"translation": [0, 32, 17],
			"scale": [2, 2, 2]
		}
	}
}