{
	"credit": "Made with Blockbench",
	"texture_size": [32, 32],
	"textures": {
		"0": "./Wood1",
		"particle": "./Wood1"
	},
	"elements": [
		{
			"from": [1, 0, 1],
			"to": [4, 14, 4],
			"faces": {
				"north": {"uv": [14.5, 8, 16, 14.5], "texture": "#0"},
				"east": {"uv": [14.5, 8, 16, 14.5], "texture": "#0"},
				"south": {"uv": [14.5, 8, 16, 14.5], "texture": "#0"},
				"west": {"uv": [14.5, 8, 16, 14.5], "texture": "#0"},
				"up": {"uv": [14.5, 14.5, 16, 16], "texture": "#0"},
				"down": {"uv": [14.5, 14.5, 16, 16], "texture": "#0"}
			}
		},
		{
			"from": [12, 0, 1],
			"to": [15, 14, 4],
			"faces": {
				"north": {"uv": [14.5, 8, 16, 14.5], "texture": "#0"},
				"east": {"uv": [14.5, 8, 16, 14.5], "texture": "#0"},
				"south": {"uv": [14.5, 8, 16, 14.5], "texture": "#0"},
				"west": {"uv": [14.5, 8, 16, 14.5], "texture": "#0"},
				"up": {"uv": [14.5, 14.5, 16, 16], "texture": "#0"},
				"down": {"uv": [14.5, 14.5, 16, 16], "texture": "#0"}
			}
		},
		{
			"from": [12, 0, 12],
			"to": [15, 14, 15],
			"faces": {
				"north": {"uv": [14.5, 8, 16, 14.5], "texture": "#0"},
				"east": {"uv": [14.5, 8, 16, 14.5], "texture": "#0"},
				"south": {"uv": [14.5, 8, 16, 14.5], "texture": "#0"},
				"west": {"uv": [14.5, 8, 16, 14.5], "texture": "#0"},
				"up": {"uv": [14.5, 14.5, 16, 16], "texture": "#0"},
				"down": {"uv": [14.5, 14.5, 16, 16], "texture": "#0"}
			}
		},
		{
			"from": [1, 0, 12],
			"to": [4, 14, 15],
			"faces": {
				"north": {"uv": [14.5, 8, 16, 14.5], "texture": "#0"},
				"east": {"uv": [14.5, 8, 16, 14.5], "texture": "#0"},
				"south": {"uv": [14.5, 8, 16, 14.5], "texture": "#0"},
				"west": {"uv": [14.5, 8, 16, 14.5], "texture": "#0"},
				"up": {"uv": [14.5, 14.5, 16, 16], "texture": "#0"},
				"down": {"uv": [14.5, 14.5, 16, 16], "texture": "#0"}
			}
		}
	],
	"display": {
		"thirdperson_righthand": {
			"translation": [0, 2, 0]
		},
		"thirdperson_lefthand": {
			"translation": [0, 2.75, 0]
		},
		"ground": {
			"translation": [0, 4.5, 0]
		},
		"head": {
			"translation": [0, -0.75, -1.75]
		},
		"fixed": {
			"rotation": [-90, 0, 0],
			"translation": [0, 0, -14],
			"scale": [2, 2, 2]
		}
	}
}