{
	"credit": "Made with Blockbench",
	"texture_size": [32, 16],
	"textures": {
		"0": "./fanBase",
		"particle": "./fanBase"
	},
	"elements": [
		{
			"from": [4, 0, 4],
			"to": [9, 1, 13],
			"faces": {
				"north": {"uv": [1.5, 10, 4, 11], "texture": "#0"},
				"east": {"uv": [0, 10, 1, 11], "texture": "#0"},
				"south": {"uv": [0, 10, 1, 11], "texture": "#0"},
				"west": {"uv": [0, 10, 1, 11], "texture": "#0"},
				"up": {"uv": [1.5, 1, 4, 10], "rotation": 180, "texture": "#0"},
				"down": {"uv": [0, 0, 1.5, 9], "texture": "#0"}
			}
		},
		{
			"from": [6, 1, 8],
			"to": [10, 3, 12],
			"faces": {
				"north": {"uv": [0, 1, 4, 3], "texture": "#0"},
				"east": {"uv": [0, 1, 4, 3], "texture": "#0"},
				"south": {"uv": [0, 1, 4, 3], "texture": "#0"},
				"west": {"uv": [0, 2, 4, 4], "texture": "#0"},
				"up": {"uv": [0, 1, 4, 5], "texture": "#0"},
				"down": {"uv": [0, 0, 4, 4], "texture": "#0"}
			}
		},
		{
			"from": [7, 3, 9],
			"to": [9, 9, 11],
			"faces": {
				"north": {"uv": [0, 0, 2, 6], "texture": "#0"},
				"east": {"uv": [0, 0, 2, 6], "texture": "#0"},
				"south": {"uv": [0, 0, 2, 6], "texture": "#0"},
				"west": {"uv": [0, 0, 2, 6], "texture": "#0"},
				"up": {"uv": [0, 0, 2, 2], "texture": "#0"},
				"down": {"uv": [0, 0, 2, 2], "texture": "#0"}
			}
		},
		{
			"from": [6.5, 9, 8],
			"to": [9.5, 12, 14],
			"faces": {
				"north": {"uv": [0, 11, 1.5, 14], "texture": "#0"},
				"east": {"uv": [0, 10, 1, 11], "texture": "#0"},
				"south": {"uv": [0, 11, 1.5, 14], "texture": "#0"},
				"west": {"uv": [0, 10, 1, 11], "texture": "#0"},
				"up": {"uv": [0, 10, 1, 11], "texture": "#0"},
				"down": {"uv": [0, 10, 1, 11], "texture": "#0"}
			}
		},
		{
			"from": [7.5, 10, 6],
			"to": [8.5, 11, 12],
			"faces": {
				"north": {"uv": [0.5, 12, 1, 13], "texture": "#0"},
				"east": {"uv": [0, 10, 1, 11], "texture": "#0"},
				"south": {"uv": [0.5, 12, 1, 13], "texture": "#0"},
				"west": {"uv": [0, 10, 1, 11], "texture": "#0"},
				"up": {"uv": [0, 10, 1, 11], "texture": "#0"},
				"down": {"uv": [0, 10, 1, 11], "texture": "#0"}
			}
		},
		{
			"from": [2.5, 5, 8.5],
			"to": [13.5, 16, 8.5],
			"faces": {
				"north": {"uv": [4, 0, 9.5, 11], "texture": "#0"},
				"east": {"uv": [0, 10, 1, 11], "texture": "#0"},
				"south": {"uv": [4, 0, 9.5, 11], "texture": "#0"},
				"west": {"uv": [0, 10, 1, 11], "texture": "#0"},
				"up": {"uv": [0, 10, 1, 11], "texture": "#0"},
				"down": {"uv": [0, 10, 1, 11], "texture": "#0"}
			}
		},
		{
			"from": [2.5, 5, 4.5],
			"to": [13.5, 16, 4.5],
			"faces": {
				"north": {"uv": [4, 0, 9.5, 11], "texture": "#0"},
				"east": {"uv": [0, 10, 1, 11], "texture": "#0"},
				"south": {"uv": [4, 0, 9.5, 11], "texture": "#0"},
				"west": {"uv": [0, 10, 1, 11], "texture": "#0"},
				"up": {"uv": [0, 10, 1, 11], "texture": "#0"},
				"down": {"uv": [0, 10, 1, 11], "texture": "#0"}
			}
		},
		{
			"from": [2.5, 5, 6.5],
			"to": [13.5, 16, 6.5],
			"faces": {
				"north": {"uv": [10, 0, 15.5, 11], "texture": "#0"},
				"east": {"uv": [0, 10, 1, 11], "texture": "#0"},
				"south": {"uv": [10, 0, 15.5, 11], "texture": "#0"},
				"west": {"uv": [0, 10, 1, 11], "texture": "#0"},
				"up": {"uv": [0, 10, 1, 11], "texture": "#0"},
				"down": {"uv": [0, 10, 1, 11], "texture": "#0"}
			}
		},
		{
			"from": [2.5, 5, 4.5],
			"to": [13.5, 16, 8.5],
			"faces": {
				"east": {"uv": [4, 12, 9.5, 16], "rotation": 90, "texture": "#0"},
				"west": {"uv": [4, 12, 9.5, 16], "rotation": 270, "texture": "#0"},
				"up": {"uv": [4, 12, 9.5, 16], "texture": "#0"},
				"down": {"uv": [4, 12, 9.5, 16], "rotation": 180, "texture": "#0"}
			}
		},
		{
			"from": [13.5, 5, 4.5],
			"to": [2.5, 16, 8.5],
			"faces": {
				"east": {"uv": [4, 12, 9.5, 16], "rotation": 90, "texture": "#0"},
				"west": {"uv": [4, 12, 9.5, 16], "rotation": 270, "texture": "#0"},
				"up": {"uv": [4, 12, 9.5, 16], "texture": "#0"},
				"down": {"uv": [4, 12, 9.5, 16], "rotation": 180, "texture": "#0"}
			}
		},
		{
			"from": [10, 0, 4],
			"to": [12, 1, 13],
			"faces": {
				"north": {"uv": [0, 10, 1, 11], "texture": "#0"},
				"east": {"uv": [0, 10, 1, 11], "texture": "#0"},
				"south": {"uv": [0, 10, 1, 11], "texture": "#0"},
				"west": {"uv": [0, 10, 1, 11], "texture": "#0"},
				"up": {"uv": [0, 1, 1, 10], "rotation": 180, "texture": "#0"},
				"down": {"uv": [0, 0, 2, 9], "texture": "#0"}
			}
		},
		{
			"from": [9, 0, 5],
			"to": [10, 1, 13],
			"faces": {
				"north": {"uv": [0, 10, 0.5, 11], "texture": "#0"},
				"east": {"uv": [0, 0, 8, 1], "texture": "#missing"},
				"south": {"uv": [0, 10, 1, 11], "texture": "#0"},
				"west": {"uv": [0, 0, 8, 1], "texture": "#missing"},
				"up": {"uv": [1, 0, 1.5, 8], "rotation": 180, "texture": "#0"},
				"down": {"uv": [0, 0, 1, 8], "texture": "#0"}
			}
		},
		{
			"from": [9, -0.2, 4],
			"to": [10, 0.8, 5],
			"rotation": {"angle": -22.5, "axis": "x", "origin": [9.5, 0.8, 5]},
			"faces": {
				"north": {"uv": [1, 10, 1.5, 11], "texture": "#0"},
				"east": {"uv": [1, 10, 1.5, 11], "texture": "#0"},
				"south": {"uv": [0, 0, 1, 1], "texture": "#missing"},
				"west": {"uv": [1, 10, 1.5, 11], "texture": "#0"},
				"up": {"uv": [1, 9, 1.5, 10], "rotation": 180, "texture": "#0"},
				"down": {"uv": [1, 10, 1.5, 11], "texture": "#0"}
			}
		}
	],
	"display": {
		"thirdperson_righthand": {
			"translation": [0, 1.75, -0.5]
		},
		"thirdperson_lefthand": {
			"translation": [0, 0.75, -0.5]
		},
		"firstperson_righthand": {
			"translation": [0, 3, 0]
		},
		"firstperson_lefthand": {
			"translation": [0, 4, 0]
		},
		"ground": {
			"translation": [0, 4.75, 0]
		},
		"gui": {
			"rotation": [27, 121, 0],
			"scale": [0.7, 0.7, 0.7]
		},
		"head": {
			"translation": [0, 14.5, 0]
		},
		"fixed": {
			"rotation": [-90, 0, 0],
			"translation": [0, 0, -16.5],
			"scale": [2, 2, 2]
		}
	}
}