{
	"credit": "Made with Blockbench",
	"textures": {
		"0": "./HeadLamp",
		"particle": "./HeadLamp"
	},
	"elements": [
		{
			"from": [0, 11, 0],
			"to": [16, 13, 16],
			"faces": {
				"north": {"uv": [0, 2, 16, 4], "texture": "#0"},
				"east": {"uv": [0, 2, 16, 4], "texture": "#0"},
				"south": {"uv": [0, 2, 16, 4], "texture": "#0"},
				"west": {"uv": [0, 2, 16, 4], "texture": "#0"},
				"up": {"uv": [0, 0, 1, 1], "texture": "#0"},
				"down": {"uv": [0, 0, 1, 1], "texture": "#0"}
			}
		},
		{
			"from": [6, 10, -1],
			"to": [10, 14, 1],
			"faces": {
				"north": {"uv": [0, 8, 4, 12], "texture": "#0"},
				"east": {"uv": [0, 6, 4, 8], "rotation": 270, "texture": "#0"},
				"south": {"uv": [4, 6, 8, 10], "texture": "#0"},
				"west": {"uv": [0, 6, 4, 8], "rotation": 90, "texture": "#0"},
				"up": {"uv": [0, 6, 4, 8], "rotation": 180, "texture": "#0"},
				"down": {"uv": [0, 6, 4, 8], "texture": "#0"}
			}
		}
	],
	"display": {
		"thirdperson_righthand": {
			"scale": [0.4, 0.4, 0.4]
		},
		"thirdperson_lefthand": {
			"scale": [0.4, 0.4, 0.4]
		},
		"firstperson_righthand": {
			"translation": [0, 0, 4],
			"scale": [0.4, 0.4, 0.4]
		},
		"firstperson_lefthand": {
			"translation": [0, 0, 4],
			"scale": [0.4, 0.4, 0.4]
		},
		"gui": {
			"rotation": [0, -180, 0]
		},
		"head": {
			"translation": [0, 0.5, 0],
			"scale": [0.9, 0.9, 0.9]
		}
	}
}