{
	"credit": "Made with Blockbench",
	"texture_size": [32, 32],
	"textures": {
		"0": "./officeposter1",
		"1": "block/blue_wool",
		"particle": "./officeposter1"
	},
	"elements": [
		{
			"from": [-3, 0, -3],
			"to": [19, 0, 19],
			"faces": {
				"up": {"uv": [3, 3, 13, 13], "texture": "#0"}
			}
		},
		{
			"from": [-1, 0, -2.4],
			"to": [0, 2, -1.4],
			"rotation": {"angle": 22.5, "axis": "y", "origin": [0, 4, 0]},
			"faces": {
				"north": {"uv": [0, 0, 0.72727, 1.45455], "texture": "#1"},
				"east": {"uv": [0, 0, 0.72727, 1.45455], "texture": "#1"},
				"south": {"uv": [0, 0, 0.72727, 1.45455], "texture": "#1"},
				"west": {"uv": [0, 0, 0.72727, 1.45455], "texture": "#1"},
				"up": {"uv": [0, 0, 0.72727, 0.72727], "texture": "#1"},
				"down": {"uv": [0, 0, 0.72727, 0.72727], "texture": "#1"}
			}
		},
		{
			"from": [13, 0, 11],
			"to": [14, 2, 12],
			"rotation": {"angle": 45, "axis": "y", "origin": [0, 0, 0]},
			"faces": {
				"north": {"uv": [0, 0, 0.72727, 1.45455], "texture": "#1"},
				"east": {"uv": [0, 0, 0.72727, 1.45455], "texture": "#1"},
				"south": {"uv": [0, 0, 0.72727, 1.45455], "texture": "#1"},
				"west": {"uv": [0, 0, 0.72727, 1.45455], "texture": "#1"},
				"up": {"uv": [4, 4, 4.72727, 4.72727], "texture": "#1"},
				"down": {"uv": [0, 0, 0.72727, 0.72727], "texture": "#1"}
			}
		}
	],
	"display": {
		"thirdperson_righthand": {
			"rotation": [0, -180, 0],
			"translation": [0, 4, 0],
			"scale": [0.5, 0.5, 0.5]
		},
		"thirdperson_lefthand": {
			"rotation": [0, -180, 0],
			"translation": [0, 4, 0],
			"scale": [0.5, 0.5, 0.5]
		},
		"firstperson_righthand": {
			"translation": [1.5, 6.75, 0]
		},
		"firstperson_lefthand": {
			"translation": [4.5, 7, 0]
		},
		"ground": {
			"translation": [0, 4.75, 0]
		},
		"head": {
			"rotation": [-90, -180, 0],
			"translation": [-0.75, 0, -14],
			"scale": [1.5, 1, 1.5]
		},
		"fixed": {
			"rotation": [90, 0, -180],
			"translation": [0, 0, -12.25],
			"scale": [1.5, 1.5, 1.5]
		}
	}
}