{
	"credit": "Made with Blockbench",
	"textures": {
		"0": "./tankard",
		"1": "./ale_fluid",
		"particle": "./tankard"
	},
	"elements": [
		{
			"from": [6, 0, 6],
			"to": [11, 7, 11],
			"faces": {
				"north": {"uv": [0, 0, 5, 7], "texture": "#0"},
				"east": {"uv": [0, 0, 5, 7], "texture": "#0"},
				"south": {"uv": [0, 0, 5, 7], "texture": "#0"},
				"west": {"uv": [0, 0, 5, 7], "texture": "#0"},
				"up": {"uv": [5, 0, 10, 5], "texture": "#0"},
				"down": {"uv": [5, 5, 10, 10], "texture": "#0"}
			}
		},
		{
			"from": [6.1, 0.5, 6.1],
			"to": [10.9, 6.5, 10.9],
			"faces": {
				"up": {"uv": [2, 4, 7, 9], "texture": "#1"}
			}
		},
		{
			"from": [3, 1.5, 8],
			"to": [4, 5.75, 9],
			"faces": {
				"north": {"uv": [3, 11, 4, 16], "texture": "#0"},
				"east": {"uv": [2, 11, 3, 16], "texture": "#0"},
				"south": {"uv": [3, 11, 4, 16], "texture": "#0"},
				"west": {"uv": [4, 11, 5, 16], "texture": "#0"},
				"up": {"uv": [4, 11, 5, 12], "texture": "#0"},
				"down": {"uv": [2, 15, 3, 16], "texture": "#0"}
			}
		},
		{
			"from": [4, 2, 8.5],
			"to": [6, 6, 8.5],
			"faces": {
				"north": {"uv": [6, 11, 8, 16], "texture": "#0"},
				"south": {"uv": [6, 11, 8, 16], "texture": "#0"}
			}
		}
	],
	"display": {
		"thirdperson_righthand": {
			"rotation": [0, 103, 0],
			"translation": [-1.25, 3.25, -3]
		},
		"thirdperson_lefthand": {
			"rotation": [0, -64, 0],
			"translation": [-1, 3.25, -3]
		},
		"firstperson_righthand": {
			"rotation": [0, 98, 0],
			"translation": [0, 5.5, 0]
		},
		"firstperson_lefthand": {
			"rotation": [0, -91, 0],
			"translation": [0.75, 5, 0]
		},
		"ground": {
			"translation": [0, 4.75, 0]
		},
		"gui": {
			"rotation": [44, -138, 0],
			"translation": [0.25, 4, 0],
			"scale": [1.3, 1.3, 1.3]
		},
		"head": {
			"translation": [0, 14.25, 0]
		},
		"fixed": {
			"rotation": [-90, 0, 0],
			"translation": [0, 0, -16],
			"scale": [2, 2, 2]
		}
	},
	"groups": [
		{
			"name": "group",
			"origin": [0, 0, 0],
			"children": [0, 1, 2, 3]
		}
	]
}