{
	"credit": "Made with Blockbench",
	"texture_size": [128, 128],
	"textures": {
		"0": "./lettering",
		"particle": "./lettering"
	},
	"elements": [
		{
			"from": [0, 0, 0],
			"to": [16, 1, 16],
			"faces": {
				"up": {"uv": [14, 2, 16, 4], "texture": "#0"}
			}
		}
	],
	"display": {
		"thirdperson_righthand": {
			"translation": [0, 7, 0]
		},
		"thirdperson_lefthand": {
			"translation": [0, 7.25, 0]
		},
		"firstperson_righthand": {
			"translation": [0, 5, 0]
		},
		"firstperson_lefthand": {
			"translation": [0, 4.75, 0]
		},
		"ground": {
			"translation": [0, 5.5, 0]
		},
		"gui": {
			"rotation": [90, 0, 0]
		},
		"head": {
			"rotation": [-90, -180, 0],
			"translation": [0, 0, -24.25],
			"scale": [0.82, 2.42, 0.82]
		},
		"fixed": {
			"rotation": [-90, -180, 0],
			"translation": [0, 0, -14.25],
			"scale": [2.01, 2, 2.01]
		}
	}
}