{
	"credit": "Made with Blockbench",
	"texture_size": [64, 64],
	"textures": {
		"0": "./BlueGacha",
		"particle": "./BlueGacha"
	},
	"elements": [
		{
			"from": [0, 0, 0],
			"to": [16, 16, 16],
			"faces": {
				"north": {"uv": [4, 0, 8, 4], "texture": "#0"},
				"east": {"uv": [0, 0, 4, 4], "texture": "#0"},
				"south": {"uv": [12, 0, 16, 4], "texture": "#0"},
				"west": {"uv": [8, 0, 12, 4], "texture": "#0"},
				"up": {"uv": [12, 0, 16, 4], "texture": "#0"},
				"down": {"uv": [12, 0, 16, 4], "texture": "#0"}
			}
		},
		{
			"name": "cube_inv",
			"from": [16, 0, 0],
			"to": [0, 16, 16],
			"faces": {
				"north": {"uv": [4, 0, 8, 4], "texture": "#0"},
				"east": {"uv": [0, 0, 4, 4], "texture": "#0"},
				"south": {"uv": [12, 0, 16, 4], "texture": "#0"},
				"west": {"uv": [8, 0, 12, 4], "texture": "#0"},
				"up": {"uv": [12, 0, 16, 4], "texture": "#0"},
				"down": {"uv": [12, 0, 16, 4], "texture": "#0"}
			}
		},
		{
			"name": "Capsule",
			"from": [7, 4, 1],
			"to": [4, 8, 4],
			"rotation": {"angle": 22.5, "axis": "z", "origin": [0, 0, 0]},
			"faces": {
				"north": {"uv": [0, 4.75, 0.75, 5.75], "texture": "#0"},
				"east": {"uv": [0.75, 4.75, 1.5, 5.75], "texture": "#0"},
				"south": {"uv": [0, 4.75, 0.75, 5.75], "texture": "#0"},
				"west": {"uv": [0.75, 4.75, 1.5, 5.75], "texture": "#0"},
				"up": {"uv": [0, 4, 0.75, 4.75], "texture": "#0"},
				"down": {"uv": [0, 5.75, 0.75, 6.5], "texture": "#0"}
			}
		},
		{
			"name": "Capsule",
			"from": [4, 4, 1],
			"to": [7, 8, 4],
			"rotation": {"angle": 22.5, "axis": "z", "origin": [0, 0, 0]},
			"faces": {
				"north": {"uv": [0, 4.75, 0.75, 5.75], "texture": "#0"},
				"east": {"uv": [0.75, 4.75, 1.5, 5.75], "texture": "#0"},
				"south": {"uv": [0, 4.75, 0.75, 5.75], "texture": "#0"},
				"west": {"uv": [0.75, 4.75, 1.5, 5.75], "texture": "#0"},
				"up": {"uv": [0, 4, 0.75, 4.75], "texture": "#0"},
				"down": {"uv": [0, 5.75, 0.75, 6.5], "texture": "#0"}
			}
		},
		{
			"name": "Capsule",
			"from": [2, 6, 5],
			"to": [5, 10, 8],
			"rotation": {"angle": 45, "axis": "y", "origin": [0, 0, 1]},
			"faces": {
				"north": {"uv": [0, 7.5, 0.75, 8.5], "texture": "#0"},
				"east": {"uv": [0.75, 7.5, 1.5, 8.5], "texture": "#0"},
				"south": {"uv": [0, 7.5, 0.75, 8.5], "texture": "#0"},
				"west": {"uv": [0.75, 7.5, 1.5, 8.5], "texture": "#0"},
				"up": {"uv": [0, 6.75, 0.75, 7.5], "texture": "#0"},
				"down": {"uv": [0, 8.5, 0.75, 9.25], "texture": "#0"}
			}
		},
		{
			"name": "Capsule",
			"from": [5, 6, 5],
			"to": [2, 10, 8],
			"rotation": {"angle": 45, "axis": "y", "origin": [0, 0, 1]},
			"faces": {
				"north": {"uv": [0, 7.5, 0.75, 8.5], "texture": "#0"},
				"east": {"uv": [0.75, 7.5, 1.5, 8.5], "texture": "#0"},
				"south": {"uv": [0, 7.5, 0.75, 8.5], "texture": "#0"},
				"west": {"uv": [0.75, 7.5, 1.5, 8.5], "texture": "#0"},
				"up": {"uv": [0, 6.75, 0.75, 7.5], "texture": "#0"},
				"down": {"uv": [0, 8.5, 0.75, 9.25], "texture": "#0"}
			}
		},
		{
			"name": "Capsule",
			"from": [8, 6, -2],
			"to": [11, 10, 1],
			"rotation": {"angle": 22.5, "axis": "x", "origin": [0, 0, 0]},
			"faces": {
				"north": {"uv": [1.75, 7.5, 2.5, 8.5], "texture": "#0"},
				"east": {"uv": [2.5, 7.5, 3.25, 8.5], "texture": "#0"},
				"south": {"uv": [1.75, 7.5, 2.5, 8.5], "texture": "#0"},
				"west": {"uv": [2.5, 7.5, 3.25, 8.5], "texture": "#0"},
				"up": {"uv": [1.75, 6.75, 2.5, 7.5], "texture": "#0"},
				"down": {"uv": [1.75, 8.5, 2.5, 9.25], "texture": "#0"}
			}
		},
		{
			"name": "Capsule",
			"from": [11, 6, -2],
			"to": [8, 10, 1],
			"rotation": {"angle": 22.5, "axis": "x", "origin": [0, 0, 0]},
			"faces": {
				"north": {"uv": [1.75, 7.5, 2.5, 8.5], "texture": "#0"},
				"east": {"uv": [2.5, 7.5, 3.25, 8.5], "texture": "#0"},
				"south": {"uv": [1.75, 7.5, 2.5, 8.5], "texture": "#0"},
				"west": {"uv": [2.5, 7.5, 3.25, 8.5], "texture": "#0"},
				"up": {"uv": [1.75, 6.75, 2.5, 7.5], "texture": "#0"},
				"down": {"uv": [1.75, 8.5, 2.5, 9.25], "texture": "#0"}
			}
		},
		{
			"name": "Capsule",
			"from": [9, 6, 7],
			"to": [12, 10, 10],
			"rotation": {"angle": 22.5, "axis": "y", "origin": [0, 0, 0]},
			"faces": {
				"north": {"uv": [1.75, 4.75, 2.5, 5.75], "texture": "#0"},
				"east": {"uv": [2.5, 4.75, 3.25, 5.75], "texture": "#0"},
				"south": {"uv": [1.75, 4.75, 2.5, 5.75], "texture": "#0"},
				"west": {"uv": [2.5, 4.75, 3.25, 5.75], "texture": "#0"},
				"up": {"uv": [1.75, 4, 2.5, 4.75], "texture": "#0"},
				"down": {"uv": [1.75, 5.75, 2.5, 6.5], "texture": "#0"}
			}
		},
		{
			"name": "Capsule",
			"from": [12, 6, 7],
			"to": [9, 10, 10],
			"rotation": {"angle": 22.5, "axis": "y", "origin": [0, 0, 0]},
			"faces": {
				"north": {"uv": [1.75, 4.75, 2.5, 5.75], "texture": "#0"},
				"east": {"uv": [2.5, 4.75, 3.25, 5.75], "texture": "#0"},
				"south": {"uv": [1.75, 4.75, 2.5, 5.75], "texture": "#0"},
				"west": {"uv": [2.5, 4.75, 3.25, 5.75], "texture": "#0"},
				"up": {"uv": [1.75, 4, 2.5, 4.75], "texture": "#0"},
				"down": {"uv": [1.75, 5.75, 2.5, 6.5], "texture": "#0"}
			}
		},
		{
			"name": "Capsule",
			"from": [7, 12, 5],
			"to": [10, 16, 8],
			"rotation": {"angle": -22.5, "axis": "z", "origin": [0, 0, 1]},
			"faces": {
				"north": {"uv": [0, 7.5, 0.75, 8.5], "texture": "#0"},
				"east": {"uv": [0.75, 7.5, 1.5, 8.5], "texture": "#0"},
				"south": {"uv": [0, 7.5, 0.75, 8.5], "texture": "#0"},
				"west": {"uv": [0.75, 7.5, 1.5, 8.5], "texture": "#0"},
				"up": {"uv": [0, 6.75, 0.75, 7.5], "texture": "#0"},
				"down": {"uv": [0, 8.5, 0.75, 9.25], "texture": "#0"}
			}
		},
		{
			"name": "Capsule",
			"from": [10, 12, 5],
			"to": [7, 16, 8],
			"rotation": {"angle": -22.5, "axis": "z", "origin": [0, 0, 1]},
			"faces": {
				"north": {"uv": [0, 7.5, 0.75, 8.5], "texture": "#0"},
				"east": {"uv": [0.75, 7.5, 1.5, 8.5], "texture": "#0"},
				"south": {"uv": [0, 7.5, 0.75, 8.5], "texture": "#0"},
				"west": {"uv": [0.75, 7.5, 1.5, 8.5], "texture": "#0"},
				"up": {"uv": [0, 6.75, 0.75, 7.5], "texture": "#0"},
				"down": {"uv": [0, 8.5, 0.75, 9.25], "texture": "#0"}
			}
		},
		{
			"name": "Capsule",
			"from": [9, 9, 11],
			"to": [6, 13, 14],
			"rotation": {"angle": 22.5, "axis": "y", "origin": [0, 0, 0]},
			"faces": {
				"north": {"uv": [0, 4.75, 0.75, 5.75], "texture": "#0"},
				"east": {"uv": [0.75, 4.75, 1.5, 5.75], "texture": "#0"},
				"south": {"uv": [0, 4.75, 0.75, 5.75], "texture": "#0"},
				"west": {"uv": [0.75, 4.75, 1.5, 5.75], "texture": "#0"},
				"up": {"uv": [0, 4, 0.75, 4.75], "texture": "#0"},
				"down": {"uv": [0, 5.75, 0.75, 6.5], "texture": "#0"}
			}
		},
		{
			"name": "Capsule",
			"from": [6, 9, 11],
			"to": [9, 13, 14],
			"rotation": {"angle": 22.5, "axis": "y", "origin": [0, 0, 0]},
			"faces": {
				"north": {"uv": [0, 4.75, 0.75, 5.75], "texture": "#0"},
				"east": {"uv": [0.75, 4.75, 1.5, 5.75], "texture": "#0"},
				"south": {"uv": [0, 4.75, 0.75, 5.75], "texture": "#0"},
				"west": {"uv": [0.75, 4.75, 1.5, 5.75], "texture": "#0"},
				"up": {"uv": [0, 4, 0.75, 4.75], "texture": "#0"},
				"down": {"uv": [0, 5.75, 0.75, 6.5], "texture": "#0"}
			}
		},
		{
			"name": "Capsule",
			"from": [3, 6, 7],
			"to": [6, 10, 10],
			"rotation": {"angle": -22.5, "axis": "x", "origin": [0, 0, 0]},
			"faces": {
				"north": {"uv": [1.75, 4.75, 2.5, 5.75], "rotation": 180, "texture": "#0"},
				"east": {"uv": [2.5, 4.75, 3.25, 5.75], "rotation": 180, "texture": "#0"},
				"south": {"uv": [1.75, 4.75, 2.5, 5.75], "rotation": 180, "texture": "#0"},
				"west": {"uv": [2.5, 4.75, 3.25, 5.75], "rotation": 180, "texture": "#0"},
				"up": {"uv": [1.75, 5.75, 2.5, 6.5], "texture": "#0"},
				"down": {"uv": [1.75, 4, 2.5, 4.75], "texture": "#0"}
			}
		},
		{
			"name": "Capsule",
			"from": [6, 6, 7],
			"to": [3, 10, 10],
			"rotation": {"angle": -22.5, "axis": "x", "origin": [0, 0, 0]},
			"faces": {
				"north": {"uv": [1.75, 4.75, 2.5, 5.75], "rotation": 180, "texture": "#0"},
				"east": {"uv": [2.5, 4.75, 3.25, 5.75], "rotation": 180, "texture": "#0"},
				"south": {"uv": [1.75, 4.75, 2.5, 5.75], "rotation": 180, "texture": "#0"},
				"west": {"uv": [2.5, 4.75, 3.25, 5.75], "rotation": 180, "texture": "#0"},
				"up": {"uv": [1.75, 5.75, 2.5, 6.5], "texture": "#0"},
				"down": {"uv": [1.75, 4, 2.5, 4.75], "texture": "#0"}
			}
		},
		{
			"name": "Capsule",
			"from": [-1, 8, 4],
			"to": [2, 12, 7],
			"rotation": {"angle": 22.5, "axis": "y", "origin": [0, 0, 0]},
			"faces": {
				"north": {"uv": [1.75, 7.5, 2.5, 8.5], "texture": "#0"},
				"east": {"uv": [2.5, 7.5, 3.25, 8.5], "texture": "#0"},
				"south": {"uv": [1.75, 7.5, 2.5, 8.5], "texture": "#0"},
				"west": {"uv": [2.5, 7.5, 3.25, 8.5], "texture": "#0"},
				"up": {"uv": [1.75, 6.75, 2.5, 7.5], "texture": "#0"},
				"down": {"uv": [1.75, 8.5, 2.5, 9.25], "texture": "#0"}
			}
		},
		{
			"name": "Capsule",
			"from": [2, 8, 4],
			"to": [-1, 12, 7],
			"rotation": {"angle": 22.5, "axis": "y", "origin": [0, 0, 0]},
			"faces": {
				"north": {"uv": [1.75, 7.5, 2.5, 8.5], "texture": "#0"},
				"east": {"uv": [2.5, 7.5, 3.25, 8.5], "texture": "#0"},
				"south": {"uv": [1.75, 7.5, 2.5, 8.5], "texture": "#0"},
				"west": {"uv": [2.5, 7.5, 3.25, 8.5], "texture": "#0"},
				"up": {"uv": [1.75, 6.75, 2.5, 7.5], "texture": "#0"},
				"down": {"uv": [1.75, 8.5, 2.5, 9.25], "texture": "#0"}
			}
		},
		{
			"name": "Capsule",
			"from": [9, 5, 5],
			"to": [13, 8, 8],
			"rotation": {"angle": 22.5, "axis": "z", "origin": [0, 0, 1]},
			"faces": {
				"north": {"uv": [0, 7.5, 0.75, 8.5], "rotation": 270, "texture": "#0"},
				"east": {"uv": [0, 6.75, 0.75, 7.5], "rotation": 90, "texture": "#0"},
				"south": {"uv": [0, 7.5, 0.75, 8.5], "rotation": 90, "texture": "#0"},
				"west": {"uv": [0, 8.5, 0.75, 9.25], "rotation": 90, "texture": "#0"},
				"up": {"uv": [0.75, 7.5, 1.5, 8.5], "rotation": 90, "texture": "#0"},
				"down": {"uv": [0.75, 7.5, 1.5, 8.5], "rotation": 90, "texture": "#0"}
			}
		},
		{
			"name": "Capsule",
			"from": [9, 8, 5],
			"to": [13, 5, 8],
			"rotation": {"angle": 22.5, "axis": "z", "origin": [0, 0, 1]},
			"faces": {
				"north": {"uv": [0, 7.5, 0.75, 8.5], "rotation": 270, "texture": "#0"},
				"east": {"uv": [0, 6.75, 0.75, 7.5], "rotation": 90, "texture": "#0"},
				"south": {"uv": [0, 7.5, 0.75, 8.5], "rotation": 90, "texture": "#0"},
				"west": {"uv": [0, 8.5, 0.75, 9.25], "rotation": 90, "texture": "#0"},
				"up": {"uv": [0.75, 7.5, 1.5, 8.5], "rotation": 90, "texture": "#0"},
				"down": {"uv": [0.75, 7.5, 1.5, 8.5], "rotation": 90, "texture": "#0"}
			}
		},
		{
			"name": "Capsule",
			"from": [1, 6, 1],
			"to": [4, 10, 4],
			"rotation": {"angle": 22.5, "axis": "x", "origin": [0, 0, 0]},
			"faces": {
				"north": {"uv": [1.75, 4.75, 2.5, 5.75], "rotation": 180, "texture": "#0"},
				"east": {"uv": [2.5, 4.75, 3.25, 5.75], "rotation": 180, "texture": "#0"},
				"south": {"uv": [1.75, 4.75, 2.5, 5.75], "rotation": 180, "texture": "#0"},
				"west": {"uv": [2.5, 4.75, 3.25, 5.75], "rotation": 180, "texture": "#0"},
				"up": {"uv": [1.75, 5.75, 2.5, 6.5], "texture": "#0"},
				"down": {"uv": [1.75, 4, 2.5, 4.75], "texture": "#0"}
			}
		},
		{
			"name": "Capsule",
			"from": [4, 6, 1],
			"to": [1, 10, 4],
			"rotation": {"angle": 22.5, "axis": "x", "origin": [0, 0, 0]},
			"faces": {
				"north": {"uv": [1.75, 4.75, 2.5, 5.75], "rotation": 180, "texture": "#0"},
				"east": {"uv": [2.5, 4.75, 3.25, 5.75], "rotation": 180, "texture": "#0"},
				"south": {"uv": [1.75, 4.75, 2.5, 5.75], "rotation": 180, "texture": "#0"},
				"west": {"uv": [2.5, 4.75, 3.25, 5.75], "rotation": 180, "texture": "#0"},
				"up": {"uv": [1.75, 5.75, 2.5, 6.5], "texture": "#0"},
				"down": {"uv": [1.75, 4, 2.5, 4.75], "texture": "#0"}
			}
		},
		{
			"name": "Capsule",
			"from": [0, 6, 8],
			"to": [-3, 10, 11],
			"rotation": {"angle": 22.5, "axis": "y", "origin": [0, 0, 0]},
			"faces": {
				"north": {"uv": [0, 4.75, 0.75, 5.75], "texture": "#0"},
				"east": {"uv": [0.75, 4.75, 1.5, 5.75], "texture": "#0"},
				"south": {"uv": [0, 4.75, 0.75, 5.75], "texture": "#0"},
				"west": {"uv": [0.75, 4.75, 1.5, 5.75], "texture": "#0"},
				"up": {"uv": [0, 4, 0.75, 4.75], "texture": "#0"},
				"down": {"uv": [0, 5.75, 0.75, 6.5], "texture": "#0"}
			}
		},
		{
			"name": "Capsule",
			"from": [-3, 6, 8],
			"to": [0, 10, 11],
			"rotation": {"angle": 22.5, "axis": "y", "origin": [0, 0, 0]},
			"faces": {
				"north": {"uv": [0, 4.75, 0.75, 5.75], "texture": "#0"},
				"east": {"uv": [0.75, 4.75, 1.5, 5.75], "texture": "#0"},
				"south": {"uv": [0, 4.75, 0.75, 5.75], "texture": "#0"},
				"west": {"uv": [0.75, 4.75, 1.5, 5.75], "texture": "#0"},
				"up": {"uv": [0, 4, 0.75, 4.75], "texture": "#0"},
				"down": {"uv": [0, 5.75, 0.75, 6.5], "texture": "#0"}
			}
		},
		{
			"name": "Capsule",
			"from": [-2, 9, 6],
			"to": [1, 13, 9],
			"rotation": {"angle": -22.5, "axis": "z", "origin": [0, 0, 1]},
			"faces": {
				"north": {"uv": [0, 7.5, 0.75, 8.5], "texture": "#0"},
				"east": {"uv": [0.75, 7.5, 1.5, 8.5], "texture": "#0"},
				"south": {"uv": [0, 7.5, 0.75, 8.5], "texture": "#0"},
				"west": {"uv": [0.75, 7.5, 1.5, 8.5], "texture": "#0"},
				"up": {"uv": [0, 6.75, 0.75, 7.5], "texture": "#0"},
				"down": {"uv": [0, 8.5, 0.75, 9.25], "texture": "#0"}
			}
		},
		{
			"name": "Capsule",
			"from": [1, 9, 6],
			"to": [-2, 13, 9],
			"rotation": {"angle": -22.5, "axis": "z", "origin": [0, 0, 1]},
			"faces": {
				"north": {"uv": [0, 7.5, 0.75, 8.5], "texture": "#0"},
				"east": {"uv": [0.75, 7.5, 1.5, 8.5], "texture": "#0"},
				"south": {"uv": [0, 7.5, 0.75, 8.5], "texture": "#0"},
				"west": {"uv": [0.75, 7.5, 1.5, 8.5], "texture": "#0"},
				"up": {"uv": [0, 6.75, 0.75, 7.5], "texture": "#0"},
				"down": {"uv": [0, 8.5, 0.75, 9.25], "texture": "#0"}
			}
		},
		{
			"name": "Capsule",
			"from": [12, 9, 4],
			"to": [15, 13, 7],
			"rotation": {"angle": 22.5, "axis": "x", "origin": [0, 0, 0]},
			"faces": {
				"north": {"uv": [1.75, 7.5, 2.5, 8.5], "rotation": 180, "texture": "#0"},
				"east": {"uv": [2.5, 7.5, 3.25, 8.5], "rotation": 180, "texture": "#0"},
				"south": {"uv": [1.75, 7.5, 2.5, 8.5], "rotation": 180, "texture": "#0"},
				"west": {"uv": [2.5, 7.5, 3.25, 8.5], "rotation": 180, "texture": "#0"},
				"up": {"uv": [1.75, 8.5, 2.5, 9.25], "texture": "#0"},
				"down": {"uv": [1.75, 6.75, 2.5, 7.5], "texture": "#0"}
			}
		},
		{
			"name": "Capsule",
			"from": [15, 9, 4],
			"to": [12, 13, 7],
			"rotation": {"angle": 22.5, "axis": "x", "origin": [0, 0, 0]},
			"faces": {
				"north": {"uv": [1.75, 7.5, 2.5, 8.5], "rotation": 180, "texture": "#0"},
				"east": {"uv": [2.5, 7.5, 3.25, 8.5], "rotation": 180, "texture": "#0"},
				"south": {"uv": [1.75, 7.5, 2.5, 8.5], "rotation": 180, "texture": "#0"},
				"west": {"uv": [2.5, 7.5, 3.25, 8.5], "rotation": 180, "texture": "#0"},
				"up": {"uv": [1.75, 8.5, 2.5, 9.25], "texture": "#0"},
				"down": {"uv": [1.75, 6.75, 2.5, 7.5], "texture": "#0"}
			}
		},
		{
			"from": [0, 3, 12],
			"to": [16, 16, 12],
			"faces": {
				"north": {"uv": [8, 4, 12, 7.25], "texture": "#0"},
				"east": {"uv": [0, 0, 0, 1.5], "texture": "#missing"},
				"south": {"uv": [0, 0, 4, 1.5], "texture": "#missing"},
				"west": {"uv": [0, 0, 0, 1.5], "texture": "#missing"},
				"up": {"uv": [0, 0, 4, 0], "texture": "#missing"},
				"down": {"uv": [0, 0, 4, 0], "texture": "#missing"}
			}
		},
		{
			"from": [0, 6, 0],
			"to": [16, 6, 13],
			"faces": {
				"north": {"uv": [0, 0, 4, 0], "rotation": 180, "texture": "#missing"},
				"east": {"uv": [0, 0, 0, 1.5], "rotation": 270, "texture": "#missing"},
				"south": {"uv": [0, 0, 4, 0], "texture": "#missing"},
				"west": {"uv": [0, 0, 0, 1.5], "rotation": 90, "texture": "#missing"},
				"up": {"uv": [8, 4, 12, 7.25], "rotation": 180, "texture": "#0"},
				"down": {"uv": [0, 0, 4, 1.5], "texture": "#missing"}
			}
		},
		{
			"from": [0, 7, 0],
			"to": [16, 7, 13],
			"faces": {
				"north": {"uv": [0, 0, 4, 0], "texture": "#missing"},
				"east": {"uv": [0, 0, 0, 1.5], "rotation": 90, "texture": "#missing"},
				"south": {"uv": [0, 0, 4, 0], "rotation": 180, "texture": "#missing"},
				"west": {"uv": [0, 0, 0, 1.5], "rotation": 270, "texture": "#missing"},
				"up": {"uv": [4, 4, 8, 7.25], "texture": "#0"},
				"down": {"uv": [0, 0, 4, 1.5], "rotation": 180, "texture": "#missing"}
			}
		},
		{
			"from": [2, 16, 2],
			"to": [14, 18.15, 14],
			"faces": {
				"north": {"uv": [4.25, 15.75, 7.75, 16], "texture": "#0"},
				"east": {"uv": [4.25, 15.75, 7.75, 16], "texture": "#0"},
				"south": {"uv": [4.25, 15.75, 7.75, 16], "texture": "#0"},
				"west": {"uv": [4.25, 15.75, 7.75, 16], "texture": "#0"},
				"up": {"uv": [4.25, 12.25, 7.75, 15.75], "texture": "#0"},
				"down": {"uv": [0, 0, 3.5, 3.5], "texture": "#0"}
			}
		},
		{
			"from": [0, 19.32, 8],
			"to": [16, 19.32, 11],
			"rotation": {"angle": -45, "axis": "x", "origin": [8, 8, 8]},
			"faces": {
				"north": {"uv": [4.25, 15.75, 7.75, 16], "texture": "#missing"},
				"east": {"uv": [4.25, 15.75, 7.75, 16], "texture": "#missing"},
				"south": {"uv": [4.25, 15.75, 7.75, 16], "texture": "#missing"},
				"west": {"uv": [4.25, 15.75, 7.75, 16], "texture": "#missing"},
				"up": {"uv": [4, 11.25, 8, 12], "rotation": 180, "texture": "#0"}
			}
		},
		{
			"from": [-2, 2.32, 8],
			"to": [18, 2.32, 11],
			"rotation": {"angle": -45, "axis": "x", "origin": [8, -12, 8]},
			"faces": {
				"north": {"uv": [4.25, 15.75, 7.75, 16], "texture": "#missing"},
				"east": {"uv": [4.25, 15.75, 7.75, 16], "texture": "#missing"},
				"south": {"uv": [4.25, 15.75, 7.75, 16], "texture": "#missing"},
				"west": {"uv": [4.25, 15.75, 7.75, 16], "texture": "#missing"},
				"up": {"uv": [3.5, 10.5, 8.5, 11.25], "rotation": 180, "texture": "#0"}
			}
		},
		{
			"from": [8, 19.32, 0],
			"to": [11, 19.32, 16],
			"rotation": {"angle": 45, "axis": "z", "origin": [8, 8, 8]},
			"faces": {
				"north": {"uv": [4.25, 15.75, 7.75, 16], "texture": "#missing"},
				"east": {"uv": [4.25, 15.75, 7.75, 16], "texture": "#missing"},
				"south": {"uv": [4.25, 15.75, 7.75, 16], "texture": "#missing"},
				"west": {"uv": [4.25, 15.75, 7.75, 16], "texture": "#missing"},
				"up": {"uv": [4, 11.25, 8, 12], "rotation": 90, "texture": "#0"}
			}
		},
		{
			"from": [8, 2.32, -2],
			"to": [11, 2.32, 18],
			"rotation": {"angle": 45, "axis": "z", "origin": [8, -12, 8]},
			"faces": {
				"north": {"uv": [4.25, 15.75, 7.75, 16], "texture": "#missing"},
				"east": {"uv": [4.25, 15.75, 7.75, 16], "texture": "#missing"},
				"south": {"uv": [4.25, 15.75, 7.75, 16], "texture": "#missing"},
				"west": {"uv": [4.25, 15.75, 7.75, 16], "texture": "#missing"},
				"up": {"uv": [3.5, 10.5, 8.5, 11.25], "rotation": 90, "texture": "#0"}
			}
		},
		{
			"from": [5, 19.32, 0],
			"to": [8, 19.32, 16],
			"rotation": {"angle": -45, "axis": "z", "origin": [8, 8, 8]},
			"faces": {
				"north": {"uv": [4.25, 15.75, 7.75, 16], "texture": "#missing"},
				"east": {"uv": [4.25, 15.75, 7.75, 16], "texture": "#missing"},
				"south": {"uv": [4.25, 15.75, 7.75, 16], "texture": "#missing"},
				"west": {"uv": [4.25, 15.75, 7.75, 16], "texture": "#missing"},
				"up": {"uv": [4, 11.25, 8, 12], "rotation": 270, "texture": "#0"}
			}
		},
		{
			"from": [5, 2.32, -2],
			"to": [8, 2.32, 18],
			"rotation": {"angle": -45, "axis": "z", "origin": [8, -12, 8]},
			"faces": {
				"north": {"uv": [4.25, 15.75, 7.75, 16], "texture": "#missing"},
				"east": {"uv": [4.25, 15.75, 7.75, 16], "texture": "#missing"},
				"south": {"uv": [4.25, 15.75, 7.75, 16], "texture": "#missing"},
				"west": {"uv": [4.25, 15.75, 7.75, 16], "texture": "#missing"},
				"up": {"uv": [3.5, 10.5, 8.5, 11.25], "rotation": 270, "texture": "#0"}
			}
		},
		{
			"from": [0, 19.32, 5],
			"to": [16, 19.32, 8],
			"rotation": {"angle": 45, "axis": "x", "origin": [8, 8, 8]},
			"faces": {
				"north": {"uv": [4.25, 15.75, 7.75, 16], "texture": "#missing"},
				"east": {"uv": [4.25, 15.75, 7.75, 16], "texture": "#missing"},
				"south": {"uv": [4.25, 15.75, 7.75, 16], "texture": "#missing"},
				"west": {"uv": [4.25, 15.75, 7.75, 16], "texture": "#missing"},
				"up": {"uv": [4, 11.25, 8, 12], "texture": "#0"}
			}
		},
		{
			"from": [-2, 2.32, 5],
			"to": [18, 2.32, 8],
			"rotation": {"angle": 45, "axis": "x", "origin": [8, -12, 8]},
			"faces": {
				"north": {"uv": [4.25, 15.75, 7.75, 16], "texture": "#missing"},
				"east": {"uv": [4.25, 15.75, 7.75, 16], "texture": "#missing"},
				"south": {"uv": [4.25, 15.75, 7.75, 16], "texture": "#missing"},
				"west": {"uv": [4.25, 15.75, 7.75, 16], "texture": "#missing"},
				"up": {"uv": [3.5, 10.5, 8.5, 11.25], "texture": "#0"}
			}
		}
	],
	"display": {
		"thirdperson_righthand": {
			"scale": [0.5, 0.5, 0.5]
		},
		"thirdperson_lefthand": {
			"scale": [0.5, 0.5, 0.5]
		},
		"firstperson_righthand": {
			"scale": [0.5, 0.5, 0.5]
		},
		"firstperson_lefthand": {
			"scale": [0.5, 0.5, 0.5]
		},
		"ground": {
			"translation": [0, 4.75, 0]
		},
		"gui": {
			"rotation": [25, 145, 0],
			"scale": [0.5, 0.5, 0.5]
		},
		"head": {
			"translation": [0, -3.5, 0]
		},
		"fixed": {
			"translation": [0, -1, 6],
			"scale": [1.5, 1.5, 1.5]
		}
	},
	"groups": [0, 1,
		{
			"name": "Blue Capsule",
			"origin": [0, 0, 0],
			"children": [2, 3]
		},
		{
			"name": "Red Capsule",
			"origin": [0, 0, 0],
			"children": [4, 5]
		},
		{
			"name": "Yellow Capsule",
			"origin": [0, 0, 0],
			"children": [6, 7]
		},
		{
			"name": "Green Capsule",
			"origin": [0, 0, 0],
			"children": [8, 9]
		},
		{
			"name": "Red Capsule2",
			"origin": [0, 0, 0],
			"children": [10, 11]
		},
		{
			"name": "Blue Capsule",
			"origin": [0, 0, 0],
			"children": [12, 13]
		},
		{
			"name": "Green Capsule",
			"origin": [0, 0, 0],
			"children": [14, 15]
		},
		{
			"name": "Yellow Capsule",
			"origin": [0, 0, 0],
			"children": [16, 17]
		},
		{
			"name": "Red Capsule2",
			"origin": [0, 0, 0],
			"children": [18, 19]
		},
		{
			"name": "Green Capsule",
			"origin": [0, 0, 0],
			"children": [20, 21]
		},
		{
			"name": "Blue Capsule",
			"origin": [0, 0, 0],
			"children": [22, 23]
		},
		{
			"name": "Red Capsule2",
			"origin": [0, 0, 0],
			"children": [24, 25]
		},
		{
			"name": "Yellow Capsule",
			"origin": [0, 0, 0],
			"children": [26, 27]
		}, 28, 29, 30, 31, 32, 33, 34, 35, 36, 37, 38, 39]
}